hotel_name,rating,rating_text,place,nearby_place,discount_price,actual_price,discount_pct,facilities,destination,district
The Fern Sattva Resort - Polo Forest,4.3,Excellent,Abhapur,96.8 km from Ambaji city centre,3896,6449,39.6,Spa,Ambaji,Banaskantha
Pride Resort Ambaji,3.8,Very Good,Ambaji,,2171,2875,24.5,Swimming Pool,Ambaji,Banaskantha
Royal Inn Hotel,3.9,Very Good,Danta Road,,1356,2600,47.8,Restaurant,Ambaji,Banaskantha
hotel leela residency,3.9,Very Good,Khodiyar Chowk,,1282,1500,14.5,Air Conditioning,Ambaji,Banaskantha
HOTEL KARDHAR INN,4.2,Very Good,Khodiyar Chowk,,1563,3000,47.9,Butler Services,Ambaji,Banaskantha
Lords Eco Inn Ambaji - Pure Veg,4.1,Very Good,Khodiyar Chowk,,3424,3424,0.0,Restaurant,Ambaji,Banaskantha
SHREE HOTEL,4.2,Very Good,Danta Road,,852,1500,43.2,Restaurant,Ambaji,Banaskantha
Dev villa,3.3,Good,Khodiyar Chowk,,616,900,31.6,24-hour Room Service,Ambaji,Banaskantha
Hotel Rajmandir,4.1,Very Good,Khodiyar Chowk,,949,1390,31.7,24-hour Room Service,Ambaji,Banaskantha
Hotel Omkar,4.1,Very Good,Ambaji,,1709,2000,14.6,Butler Services,Ambaji,Banaskantha
Hotel Pushpa Inn,4.4,Excellent,Khodiyar Chowk,,1136,1500,24.3,24-hour Room Service,Ambaji,Banaskantha
HOTEL AMBEY VALLEY,3.5,Very Good,Khodiyar Chowk,,1235,1700,27.4,Lounge,Ambaji,Banaskantha
Hotel Ambaji International,3.7,Very Good,Danta Road,,1768,2400,26.3,Restaurant,Ambaji,Banaskantha
Arihant Hotel,4.0,Very Good,Khodiyar Chowk,,1449,2250,35.6,24-hour Room Service,Ambaji,Banaskantha
Collection O Ambaji,1.5,Poor,Khodiyar Chowk,,2023,3736,45.9,Restaurant,Ambaji,Banaskantha
Hotel New Golden Veena,2.3,Average,Talahati,24.8 km from Ambaji,1235,2000,38.2,Bonfire,Ambaji,Banaskantha
Hotel Royal Heritage,4.0,Very Good,Railway Colony,18.1 km from Ambaji,1566,1980,20.9,Restaurant,Ambaji,Banaskantha
The Bhagwati Resort,3.5,Very Good,Abu Road,22.6 km from Ambaji,3252,4000,18.7,Spa,Ambaji,Banaskantha
Hotel Bhagwati,3.9,Very Good,Wasda,16.3 km from Ambaji,1579,2200,28.2,Restaurant,Ambaji,Banaskantha
Sweet Silence Home,3.5,Very Good,Abu Road,,4327,5000,13.5,Caretaker,Ambaji,Banaskantha
Hotel Chandrawati Palace,4.0,Very Good,Ricco Colony,16.2 km from Ambaji,2017,2611,22.7,Restaurant,Ambaji,Banaskantha
Siyava Valley Resort (38 Kms from Mount Abu),3.0,Good,Abu Road,7.7 km from Ambaji,4442,5000,11.2,Swimming Pool,Ambaji,Banaskantha
Hotel Shivalik Abu Road,3.7,Very Good,Sadar Bazar,18.4 km from Ambaji,909,1200,24.2,Restaurant,Ambaji,Banaskantha
RAWLA HOMESTAY,5.0,Excellent,Chandrawati,15.1 km from Ambaji,4086,4800,14.9,Caretaker,Ambaji,Banaskantha
Hotel Kunal & Restaurant (Since 1983),3.9,Very Good,Sadar Bazar,18.5 km from Ambaji,1074,1300,17.4,Restaurant,Ambaji,Banaskantha
Hotel Abu Dhaba,3.9,Very Good,Abu Road,19.8 km from Ambaji,1938,3200,39.4,Swimming Pool,Ambaji,Banaskantha
Namastay Hotels,3.6,Very Good,Railway Colony,18.3 km from Ambaji,1624,2000,18.8,24-hour Room Service,Ambaji,Banaskantha
Hotel Raja,3.3,Good,Abu Road,21.8 km from Ambaji,1709,2000,14.6,Restaurant,Ambaji,Banaskantha
srijan inn,4.1,Very Good,Ricco Colony,15.9 km from Ambaji,2182,2500,12.7,Restaurant,Ambaji,Banaskantha
Heena Plaza Abu Road,3.5,Very Good,Railway Colony,18.4 km from Ambaji,6724,8000,16.0,Reception,Ambaji,Banaskantha
Sunshine Hotel,3.8,Very Good,Abu Road,17.4 km from Ambaji,1108,1399,20.8,24-hour Room Service,Ambaji,Banaskantha
Hotel Anan Palace,2.8,Average,Abu Road,5.5 km from Ambaji,4797,6000,20.0,Swimming Pool,Ambaji,Banaskantha
Govindam Resort-Near Ambaji Temple,3.4,Good,Abu Road,13.1 km from Ambaji,1538,1800,14.6,Swimming Pool,Ambaji,Banaskantha
The Grand Atithi Hotel,3.7,Very Good,Wasda,16.4 km from Ambaji,3505,4000,12.4,Restaurant,Ambaji,Banaskantha
Darbargadh poshina,1.7,Poor,Khed Brahma,24.3 km from Ambaji,12134,15000,19.1,Restaurant,Ambaji,Banaskantha
DIVYA HOTEL AND RESTURANT,3.7,Very Good,Talahati,24.6 km from Ambaji,2044,3000,31.9,Restaurant,Ambaji,Banaskantha
Araavali Trails- A Nature Resort,3.8,Very Good,Merwada,24.9 km from Ambaji,1574,3300,52.3,Swimming Pool,Ambaji,Banaskantha
Hotel The Royal Dattani,3.8,Very Good,Ghosi Mohalla,19.5 km from Ambaji,1218,1399,12.9,Restaurant,Ambaji,Banaskantha
Hillcrest Hotel and Resort,4.5,Excellent,Talahati,23.9 km from Ambaji,5330,6000,11.2,Swimming Pool,Ambaji,Banaskantha
Hotel Bhumi,3.6,Very Good,Ghosi Mohalla,19.8 km from Ambaji,1338,1999,33.1,Restaurant,Ambaji,Banaskantha
Hotel SP Sher -E Punjab,3.5,Very Good,Ricco Colony,16.7 km from Ambaji,12134,15000,19.1,24-hour Room Service,Ambaji,Banaskantha
Joy Villa & Resort,2.7,Average,Amba,14.5 km from Ambaji,2718,3500,22.3,Swimming Pool,Ambaji,Banaskantha
Hotel O Kitchen & Highway Inn,3.8,Very Good,Abu Road,20.4 km from Ambaji,1850,2113,12.4,Restaurant,Ambaji,Banaskantha
Hotel Shreeji Palace,4.2,Very Good,Sadar Bazar,18.5 km from Ambaji,1144,1700,32.7,24-hour Room Service,Ambaji,Banaskantha
Hotel Suhagan Height,3.1,Good,Talahati,24.6 km from Ambaji,940,1100,14.5,24-hour Room Service,Ambaji,Banaskantha
Happy Day Hotel,4.1,Very Good,Chandrawati,13.9 km from Ambaji,2269,2600,12.7,Restaurant,Ambaji,Banaskantha
Hotel shri ambe residency,3.5,Very Good,Abu Road,18.7 km from Ambaji,1026,1200,14.5,Restaurant,Ambaji,Banaskantha
HOTEL ABU INN ABU ROAD,4.1,Very Good,Talahati,24.7 km from Ambaji,3352,4500,25.5,24-hour Room Service,Ambaji,Banaskantha
MONARK INN,3.8,Very Good,Amba,15.3 km from Ambaji,1816,2500,27.4,Restaurant,Ambaji,Banaskantha
Hotel The Hind,3.9,Very Good,Ricco Colony,15.6 km from Ambaji,3126,5000,37.5,Spa,Ambaji,Banaskantha
Ashapura Hotel N Restro.,3.6,Very Good,Railway Colony,18.7 km from Ambaji,1026,1200,14.5,Restaurant,Ambaji,Banaskantha
HOTEL SAVERA PALACE,4.2,Very Good,Railway Colony,18.0 km from Ambaji,1299,2200,41.0,Restaurant,Ambaji,Banaskantha
HOTEL KUNAL PALACE & RESTAURANT,2.7,Average,Railway Colony,18.3 km from Ambaji,1453,1700,14.5,Restaurant,Ambaji,Banaskantha
Hotel Mayur,2.7,Average,Sadar Bazar,18.7 km from Ambaji,684,800,14.5,24-hour Room Service,Ambaji,Banaskantha
Hotel Sigma,3.3,Good,Sadar Bazar,18.5 km from Ambaji,812,950,14.5,24-hour Room Service,Ambaji,Banaskantha
Gurukripa Hilltop Resorts,3.3,Good,Abu Road,6.5 km from Ambaji,1966,2500,21.4,Swimming Pool,Ambaji,Banaskantha
CA Pariwar Club and Hotel,2.6,Average,Chandrawati,15.0 km from Ambaji,3494,4499,22.3,Jacuzzi,Ambaji,Banaskantha
Hotel Mountway,3.6,Very Good,Ricco Colony,16.4 km from Ambaji,1300,1500,13.3,Restaurant,Ambaji,Banaskantha
Hotel Bhagwati International,2.7,Average,Ghosi Mohalla,18.9 km from Ambaji,1254,1600,21.6,Restaurant,Ambaji,Banaskantha
Hotel Durga,4.0,Very Good,Abu Road,18.3 km from Ambaji,957,1600,40.2,24-hour Room Service,Ambaji,Banaskantha
Hotel Lucky Inn,3.5,Very Good,Talahati,24.4 km from Ambaji,923,1200,23.1,Restaurant,Ambaji,Banaskantha
Neonz Resort and Club,4.2,Very Good,In Petlad,About a minute walk to Dabhau Railway Station,8184,11110,26.3,Swimming Pool,Anand,Anand
Krishna Riverside Resort,4.3,Excellent,Anand,39.5 km drive to Ranchhodrai Dakor Temple,3187,5350,40.4,Swimming Pool,Anand,Anand
Madhubhan Resort and Spa,4.5,Excellent,GIDC,37.8 km drive to Ranchhodrai Dakor Temple,9873,11200,11.8,Jacuzzi,Anand,Anand
Hotel Sach Regency,4.1,Very Good,Popati Nagar,34.4 km drive to Ranchhodrai Dakor Temple,1881,2999,37.3,Spa,Anand,Anand
Hotel Rudra Palace,3.9,Very Good,Anand,33.4 km drive to Ranchhodrai Dakor Temple,910,1399,35.0,24-hour Room Service,Anand,Anand
Super Townhouse Anand,3.8,Very Good,Mangalpura,35.3 km drive to Ranchhodrai Dakor Temple,1212,2841,57.3,Restaurant,Anand,Anand
Hotel S R Laxmi,4.6,Excellent,Sardar Ganj,32.9 km drive to Ranchhodrai Dakor Temple,1316,2000,34.2,Restaurant,Anand,Anand
Hotel Arizona Inn,4.0,Very Good,GIDC,35.9 km drive to Ranchhodrai Dakor Temple,2942,4000,26.4,Spa,Anand,Anand
Motel Sanvaria Regency,3.9,Very Good,Vallabh Vidhyanagar,36.2 km drive to Ranchhodrai Dakor Temple,973,2300,57.7,Restaurant,Anand,Anand
Hotel SR Regency,4.1,Very Good,Purushottam Nagar,34.8 km drive to Ranchhodrai Dakor Temple,1742,2500,30.3,Fireplace,Anand,Anand
Hotel Blueivy,4.3,Excellent,Vivekanand Wadi,34.0 km drive to Ranchhodrai Dakor Temple,4579,6899,33.6,Swimming Pool,Anand,Anand
HOTEL RAMA RESIDENCY,4.3,Excellent,Sardar Ganj,33.2 km drive to Ranchhodrai Dakor Temple,1698,2000,15.1,Restaurant,Anand,Anand
Hummingbird Hotel & Banquet,3.4,Good,Vallabh Vidhyanagar,37.5 km drive to Ranchhodrai Dakor Temple,4193,6000,30.1,Restaurant,Anand,Anand
Hotel Md Residency Anand,3.9,Very Good,Vallabh Vidhyanagar,36.7 km drive to Ranchhodrai Dakor Temple,1065,1699,37.3,24-hour Room Service,Anand,Anand
Hotel Silver Oak,3.8,Very Good,Vivekanand Wadi,34.4 km drive to Ranchhodrai Dakor Temple,790,1200,34.2,24-hour Room Service,Anand,Anand
Shree Residency,3.5,Very Good,Nanikhodiyar,33.4 km drive to Ranchhodrai Dakor Temple,2205,3000,26.5,Washing Machine,Anand,Anand
HOTEL DARSHAN INN,4.5,Excellent,Karamsad,39.8 km drive to Ranchhodrai Dakor Temple,2477,3200,22.6,Restaurant,Anand,Anand
Hotel Radhe,3.9,Very Good,Patel Colony,32.5 km drive to Ranchhodrai Dakor Temple,1549,2000,22.6,24-hour Room Service,Anand,Anand
Hotel Lee Grand,4.0,Very Good,Vallabh Vidhyanagar,36.7 km drive to Ranchhodrai Dakor Temple,2090,2999,30.3,Restaurant,Anand,Anand
Hotel Restandview,3.2,Good,Vallabh Vidhyanagar,36.9 km drive to Ranchhodrai Dakor Temple,1965,2999,34.5,24-hour Room Service,Anand,Anand
Hotel Amber,4.0,Very Good,Gamdi,34.5 km drive to Ranchhodrai Dakor Temple,1123,1450,22.6,Restaurant,Anand,Anand
Hotel lee Gold,4.0,Very Good,Anand,33.1 km drive to Ranchhodrai Dakor Temple,1747,2000,12.6,Restaurant,Anand,Anand
Laksh Residency,3.9,Very Good,Mathiya Chora,34.1 km drive to Ranchhodrai Dakor Temple,1007,1300,22.5,Jacuzzi,Anand,Anand
Hotel Krishna Palace,3.8,Very Good,Vallabh Vidhyanagar,35.6 km drive to Ranchhodrai Dakor Temple,1091,1565,30.3,24-hour Room Service,Anand,Anand
Hotel Rest & Leaf,3.8,Very Good,GIDC,37.3 km drive to Ranchhodrai Dakor Temple,1113,2999,62.9,Fireplace,Anand,Anand
D K House,3.9,Very Good,Gamdi,30.1 km drive to Ranchhodrai Dakor Temple,711,1200,40.8,24-hour Room Service,Anand,Anand
Hotel Royal inn,3.7,Very Good,Sardar Ganj,33.2 km drive to Ranchhodrai Dakor Temple,1236,1500,17.6,24-hour Room Service,Anand,Anand
Hotel Villa Inn,3.1,Good,Vallabh Vidhyanagar,35.8 km drive to Ranchhodrai Dakor Temple,1245,1500,17.0,24-hour Room Service,Anand,Anand
NILKANTH RESORTS,3.7,Very Good,Lambhvel,36.8 km drive to Ranchhodrai Dakor Temple,3284,4714,30.3,Swimming Pool,Anand,Anand
Hotel Mountain View,3.4,Good,Vallabh Vidhyanagar,36.6 km drive to Ranchhodrai Dakor Temple,1022,1529,33.2,24-hour Room Service,Anand,Anand
HOTEL RADHA KRISHNA,4.1,Very Good,Vallabh Vidhyanagar,37.0 km drive to Ranchhodrai Dakor Temple,1162,1500,22.5,24-hour Room Service,Anand,Anand
Hotel Aaram,3.8,Very Good,Sardar Ganj,33.1 km drive to Ranchhodrai Dakor Temple,736,1000,26.4,24-hour Room Service,Anand,Anand
Hotel Lotus,3.8,Very Good,Vallabh Vidhyanagar,36.7 km drive to Ranchhodrai Dakor Temple,2043,2999,31.9,Jacuzzi,Anand,Anand
Hotel Millennium,3.7,Very Good,Vallabh Vidhyanagar,36.6 km drive to Ranchhodrai Dakor Temple,897,1799,50.1,24-hour Room Service,Anand,Anand
Hotel Newyork Inn,3.9,Very Good,Anand,33.0 km drive to Ranchhodrai Dakor Temple,1209,1709,29.3,24-hour Room Service,Anand,Anand
Hotel Neptune Palace,3.5,Very Good,Vallabh Vidhyanagar,36.3 km drive to Ranchhodrai Dakor Temple,942,1299,27.5,24-hour Room Service,Anand,Anand
Motel Happy Home,4.3,Excellent,Vallabh Vidhyanagar,36.2 km drive to Ranchhodrai Dakor Temple,1124,1355,17.0,Restaurant,Anand,Anand
Hotel La Ville Inn,3.5,Very Good,Umreth,6.7 km drive to Ranchhodrai Dakor Temple,1049,1200,12.6,24-hour Room Service,Anand,Anand
Hotel Mount Villa,3.3,Good,Karamsad,39.9 km drive to Ranchhodrai Dakor Temple,1238,1599,22.6,24-hour Room Service,Anand,Anand
Hotel My Stay Anand,2.5,Average,Anand,33.3 km drive to Ranchhodrai Dakor Temple,826,1599,48.3,24-hour Room Service,Anand,Anand
Hotel Neelkamal,2.9,Average,Nanikhodiyar,33.4 km drive to Ranchhodrai Dakor Temple,1039,1399,25.7,24-hour Room Service,Anand,Anand
HOTEL ROYAL GRAND MOGAR,4.2,Very Good,Purushottam Nagar,36.2 km drive to Ranchhodrai Dakor Temple,1226,1650,25.7,24-hour Room Service,Anand,Anand
Hotel A1,3.3,Good,GIDC,37.5 km drive to Ranchhodrai Dakor Temple,1043,1599,34.8,24-hour Room Service,Anand,Anand
Hotel Decent,3.2,Good,Sardar Ganj,33.3 km drive to Ranchhodrai Dakor Temple,913,1100,17.0,24-hour Room Service,Anand,Anand
Hotel aagman,4.4,Excellent,Nanikhodiyar,33.0 km drive to Ranchhodrai Dakor Temple,1327,1599,17.0,Fireplace,Anand,Anand
Hotel SR Inn,2.7,Average,Nanikhodiyar,33.0 km drive to Ranchhodrai Dakor Temple,1273,1799,29.2,24-hour Room Service,Anand,Anand
Hotel VR Inn,3.5,Very Good,Purushottam Nagar,36.2 km drive to Ranchhodrai Dakor Temple,1039,1399,25.7,24-hour Room Service,Anand,Anand
Hotel Rudrax,3.5,Very Good,Purushottam Nagar,34.7 km drive to Ranchhodrai Dakor Temple,1746,1999,12.7,24-hour Room Service,Anand,Anand
HOTEL TGS,3.3,Good,Vallabh Vidhyanagar,36.4 km drive to Ranchhodrai Dakor Temple,1161,1499,22.5,Luggage Storage,Anand,Anand
Motel Bapas,3.5,Very Good,Sardar Ganj,33.2 km drive to Ranchhodrai Dakor Temple,874,1000,12.6,Seating Area,Anand,Anand
Sangath Banquet Resort,4.3,Excellent,Nadiad,16.6 km from Anand,2236,3800,41.2,Swimming Pool,Anand,Anand
DEV MOTEL & BANQUET,3.1,Good,Kheda,17.5 km from Anand,2133,2900,26.4,Kitchenette,Anand,Anand
Hotel O Tulsi Hotel,2.0,Average,Kheda,18.2 km from Anand,579,1068,45.8,24-hour Room Service,Anand,Anand
Hotel Cypress,4.4,Excellent,Kheda,18.3 km from Anand,2942,3800,22.6,Jacuzzi,Anand,Anand
Hotel Anmol Ratan & Guest House,3.5,Very Good,Kheda,19.1 km from Anand,996,1200,17.0,Luggage Storage,Anand,Anand
HOTEL COMFORT WORLD,3.8,Very Good,Kheda,19.4 km from Anand,2206,3000,26.5,Restaurant,Anand,Anand
hotel yogiraj,3.6,Very Good,Kheda,19.8 km from Anand,2517,4500,44.1,24-hour Room Service,Anand,Anand
Tulsi Motel,2.8,Average,Subhash Nagar,21.3 km from Anand,874,1000,12.6,24-hour Room Service,Anand,Anand
Boulevard 9 Luxury Resort & Spa,4.1,Very Good,Kheda,22.6 km from Anand,2853,2999,4.9,Swimming Pool,Anand,Anand
Delux Hotel,3.8,Very Good,Borsad,22.9 km from Anand,1936,2500,22.6,24-hour Room Service,Anand,Anand
Hotel The Dream Residency,3.2,Good,Vasad Chowkadi,23.5 km from Anand,2018,2500,19.3,24-hour Room Service,Anand,Anand
Shreeji Sadan Dilen Guest House,4.2,Very Good,Dakor,23.3 km from Anand,1549,2000,22.6,Butler Services,Anand,Anand
Hotel Grand Sahara,1.6,Poor,Manjusar,23.5 km from Anand,1497,1899,21.2,24-hour Room Service,Anand,Anand
hotel monville,4.1,Very Good,Ranoli,23.7 km from Anand,863,6555,86.8,Water Sports,Anand,Anand
HOTEL A J PALACE,3.5,Very Good,Subhash Nagar,24.2 km from Anand,2883,3300,12.6,24-hour Room Service,Anand,Anand
Hotel Lee Park,3.5,Very Good,Kamla,24.3 km from Anand,2279,2899,21.4,24-hour Room Service,Anand,Anand
Pride Biznotel Manjusar,3.7,Very Good,Manjusar,24.2 km from Anand,1900,2500,24.0,Gym,Anand,Anand
The Fern Royal Farm Resort Anjar,4.1,Very Good,Ratatalav,4.6 km from Anjar,2913,5001,41.8,Spa,Anjar,Kachchh
Shree Ramkrupa Party Plot & Resort,2.8,Average,Gandhidham,3.6 km from Anjar,3519,4000,12.0,Swimming Pool,Anjar,Kachchh
Shree Manav Residency,3.5,Very Good,Anjar,10 minutes walk to Anjar Railway Station,4782,5400,11.4,Gym,Anjar,Kachchh
StayVista at Desert Palms,4.0,Very Good,Gandhidham,7 km from Anjar,7530,10575,28.8,Swimming Pool,Anjar,Kachchh
shreeju regency,4.5,Excellent,Anjar,8 minutes walk to Anjar Railway Station,1433,1675,14.4,Restaurant,Anjar,Kachchh
Lords Eco Inn Gandhidham,3.6,Very Good,Gandhidham,8.3 km from Anjar,3200,3200,0.0,24-hour Room Service,Anjar,Kachchh
Ramada by Wyndham Gandhidham Shinay,4.3,Excellent,Gandhidham,9.9 km from Anjar,5355,5355,0.0,Spa,Anjar,Kachchh
HOTEL ORCHID,3.4,Good,Gandhidham,8.8 km from Anjar,1312,3500,62.5,24-hour Room Service,Anjar,Kachchh
HOTEL PARADISE INN,2.0,Average,Gandhidham,9.5 km from Anjar,1882,2200,14.5,24-hour Room Service,Anjar,Kachchh
Radisson Hotel Kandla,4.4,Excellent,Gandhidham,11.8 km from Anjar,6299,6299,0.0,Spa,Anjar,Kachchh
Hotel Empire,3.2,Good,Ward 9AF,12.7 km from Anjar,1306,1500,12.9,Restaurant,Anjar,Kachchh
HOTEL SHIVAM,3.3,Good,Sector 1A,14.4 km from Anjar,1488,1739,14.4,Kitchenette,Anjar,Kachchh
Hotel Happy Inn,3.6,Very Good,Sector 1A,14.2 km from Anjar,1198,2000,40.1,24-hour Room Service,Anjar,Kachchh
The Neemaya,4.2,Very Good,Gandhidham,16.5 km from Anjar,2439,3000,18.7,Spa,Anjar,Kachchh
Ambar Sarovar Portico,3.7,Very Good,Sector 8,14.5 km from Anjar,4950,5500,10.0,Spa,Anjar,Kachchh
Renest Gandhidham,3.7,Very Good,Sector 8,14.8 km from Anjar,3672,4590,20.0,Spa,Anjar,Kachchh
The Shiv Regency,3.8,Very Good,Ward 12A,16.6 km from Anjar,2439,3500,30.3,Restaurant,Anjar,Kachchh
HOTEL FLAMINGO,3.7,Very Good,Ward 12A,16 km from Anjar,1369,1600,14.4,24-hour Room Service,Anjar,Kachchh
Hotel Shree Maruti,3.7,Very Good,Sector 8,14.8 km from Anjar,1711,2000,14.4,Restaurant,Anjar,Kachchh
Hotel Grand Ambience,3.3,Good,Gopalpuri,15.1 km from Anjar,923,1200,23.1,24-hour Room Service,Anjar,Kachchh
Hotel Jai residency,3.6,Very Good,Ward 12A,16.5 km from Anjar,2279,2899,21.4,Restaurant,Anjar,Kachchh
Ajanta Hotel and Party Plots,2.4,Average,Gandhidham,11.3 km from Anjar,941,1100,14.5,24-hour Room Service,Anjar,Kachchh
Fun N Food,3.3,Good,Sector 8,15 km from Anjar,3319,3800,12.7,Restaurant,Anjar,Kachchh
Hotel Chandan,3.7,Very Good,Ward 12A,16.4 km from Anjar,2072,2400,13.7,Restaurant,Anjar,Kachchh
Hotel Vishwas,3.4,Good,Gandhidham,16.5 km from Anjar,1198,1400,14.4,24-hour Room Service,Anjar,Kachchh
Hotel Seven Spice,2.8,Average,Sector 1A,14.2 km from Anjar,1544,1900,18.7,24-hour Room Service,Anjar,Kachchh
City Plaza Hotel,2.5,Average,Sector 1A,15.3 km from Anjar,1967,2300,14.5,Restaurant,Anjar,Kachchh
Hotel P.B. International,3.2,Good,Gandhidham,14.5 km from Anjar,1309,1800,27.3,Swimming Pool,Anjar,Kachchh
Hotel Happy Stay,3.1,Good,Gandhidham,15.2 km from Anjar,1668,1950,14.5,24-hour Room Service,Anjar,Kachchh
Hotel Aarti International,2.9,Average,Ward 12A,16.5 km from Anjar,2358,2699,12.6,Restaurant,Anjar,Kachchh
Hotel Aarti.,2.5,Average,Ward 12A,16.3 km from Anjar,1453,1699,14.5,24-hour Room Service,Anjar,Kachchh
Fun Hotel,3.5,Very Good,Gandhidham,14.1 km from Anjar,2446,2800,12.6,Restaurant,Anjar,Kachchh
hotel prashant international,3.2,Good,Ward 12A,15.1 km from Anjar,1788,2200,18.7,24-hour Room Service,Anjar,Kachchh
Hotel PB INN,3.5,Very Good,Ward 12A,16.5 km from Anjar,1882,2200,14.5,24-hour Room Service,Anjar,Kachchh
Narayani Heritage,4.2,Very Good,"Nilambaug, Bhavnagar",6.9 km drive to Bhavnagar Airport (BHU),2317,3500,33.8,Restaurant,Bhavnagar,Bhavnagar
Efcee Sarovar Premiere Bhavnagar,4.4,Excellent,"Vidhyanagar, Bhavnagar",6.9 km drive to Bhavnagar Airport (BHU),5400,6000,10.0,Spa,Bhavnagar,Bhavnagar
Hotel Clarks Collection Bhavnagar,3.9,Very Good,"Vidhyanagar, Bhavnagar",7.0 km drive to Bhavnagar Airport (BHU),2529,5500,54.0,Gym,Bhavnagar,Bhavnagar
HOTEL LOTUS,5.0,Excellent,"Narmada Nagar, Botad",,2388,2899,17.6,Restaurant,Bhavnagar,Bhavnagar
HOTEL VIJAY PALACE,3.4,Good,"Panwadi, Bhavnagar",6.0 km drive to Bhavnagar Airport (BHU),924,1200,23.0,Restaurant,Bhavnagar,Bhavnagar
Aradhana Auberge,3.8,Very Good,"B.A.D.A. Vikash Path, Bhavnagar",6.2 km drive to Bhavnagar Airport (BHU),1454,2000,27.3,Restaurant,Bhavnagar,Bhavnagar
PRAVEG BLACKBUCK SAFARI VELAVADAR,4.0,Very Good,"Narbad, Narbad",5 minutes walk to Velavadar Railway Station,4569,8999,49.2,Swimming Pool,Bhavnagar,Bhavnagar
HOTEL SANKALP,3.5,Very Good,"Hill Drive, Bhavnagar",4.7 km drive to Bhavnagar Airport (BHU),1584,2200,28.0,Fireplace,Bhavnagar,Bhavnagar
Arya Dormitory Hotel,3.6,Very Good,"Panwadi, Bhavnagar",6.1 km drive to Bhavnagar Airport (BHU),495,700,29.3,Kitchenette,Bhavnagar,Bhavnagar
Iscon The Fern Resort & Spa,4.4,Excellent,"Vidhyanagar, Bhavnagar",8.1 km drive to Bhavnagar Airport (BHU),4845,7671,36.8,Spa,Bhavnagar,Bhavnagar
The Blackbuck Trails Velavadar,4.5,Excellent,"Narbad, Narbad",About a minute walk to Velavadar Railway Station,5382,8400,35.9,Swimming Pool,Bhavnagar,Bhavnagar
Hotel Virgo Sumeru,4.3,Excellent,"Vidhyanagar, Bhavnagar",5.8 km drive to Bhavnagar Airport (BHU),3652,4150,12.0,Restaurant,Bhavnagar,Bhavnagar
Hotel Jubilee,2.7,Average,"Shilpi Nagar, Bhavnagar",5.5 km drive to Bhavnagar Airport (BHU),1454,1700,14.5,Butler Services,Bhavnagar,Bhavnagar
Sashvat Inn,3.5,Very Good,"Kharama, Botad",,1056,1299,18.7,Restaurant,Bhavnagar,Bhavnagar
JAINSITE | PALITANA,3.8,Very Good,"Palitana, Palitana",,1124,1400,19.7,Air Conditioning,Bhavnagar,Bhavnagar
The Basil Park,4.3,Excellent,"Vidhyanagar, Bhavnagar",7.2 km drive to Bhavnagar Airport (BHU),3710,7000,47.0,Restaurant,Bhavnagar,Bhavnagar
The hotel vaibhav inn,2.4,Average,"Narmada Nagar, Botad",,1796,2100,14.5,24-hour Room Service,Bhavnagar,Bhavnagar
Top3 Lords Resorts Bhavnagar - Pure Veg,3.9,Very Good,"Budhel, Bhavnagar",,4700,4700,0.0,Spa,Bhavnagar,Bhavnagar
Hotel Sai Palace,3.3,Good,"Panwadi, Bhavnagar",5.9 km drive to Bhavnagar Airport (BHU),1198,1400,14.4,24-hour Room Service,Bhavnagar,Bhavnagar
HOTEL CITY PRIDE,3.9,Very Good,"Vidhyanagar, Bhavnagar",6.6 km drive to Bhavnagar Airport (BHU),2184,2500,12.6,Restaurant,Bhavnagar,Bhavnagar
Hotel Angel,2.7,Average,"Devbagh, Bhavnagar",6.7 km drive to Bhavnagar Airport (BHU),941,1100,14.5,Restaurant,Bhavnagar,Bhavnagar
hotelsd9,3.9,Very Good,"Sardarnagar, Bhavnagar",4.6 km drive to Bhavnagar Airport (BHU),1499,2199,31.8,24-hour Room Service,Bhavnagar,Bhavnagar
Blackbuck Safari Lodge Velavadar,4.3,Excellent,"Rajgadh, Narbad",,7185,9550,24.8,Swimming Pool,Bhavnagar,Bhavnagar
Savvy Sanskar by Acasa,4.1,Very Good,"Palitana, Palitana",,2140,3200,33.1,Reception,Bhavnagar,Bhavnagar
Tree of Life Darbargadh,4.5,Excellent,"Dared, Valabhipur",,6159,7162,14.0,Swimming Pool,Bhavnagar,Bhavnagar
HOTEL RELAX INN,2.9,Average,"Nawa Para, Bhavnagar",5.0 km drive to Bhavnagar Airport (BHU),941,1100,14.5,Lounge,Bhavnagar,Bhavnagar
Gautam Inn,3.4,Good,"Botad, Botad",,1696,2200,22.9,Kitchenette,Bhavnagar,Bhavnagar
Good Night Rooms | Rooms & Dorm,4.1,Very Good,"Panwadi, Bhavnagar",5.4 km drive to Bhavnagar Airport (BHU),1160,1350,14.1,Reception,Bhavnagar,Bhavnagar
Mount Shadow Resorts,3.2,Good,"Bhandaria, Bhandaria",,2621,3000,12.6,Swimming Pool,Bhavnagar,Bhavnagar
HOTEL HARE KRISHNA,4.5,Excellent,"Sihor, Sihor",3 minutes walk to Sihor Junction Railway Station,1158,1699,31.8,Restaurant,Bhavnagar,Bhavnagar
Asopalav Hotel,2.9,Average,"Devbagh, Bhavnagar",6.2 km drive to Bhavnagar Airport (BHU),713,1100,35.2,Restaurant,Bhavnagar,Bhavnagar
Kesarinandan Dormetry & Guesthouse,3.7,Very Good,"Kharama, Botad",,730,1000,27.0,Living Room,Bhavnagar,Bhavnagar
AMBIKA RESORT,4.3,Excellent,"Mahuva, Mahuva",,1412,1650,14.4,Restaurant,Bhavnagar,Bhavnagar
Nilambag Palace Hotel,4.0,Very Good,"Nilambaug, Bhavnagar",7.4 km drive to Bhavnagar Airport (BHU),7098,11999,40.8,Gym,Bhavnagar,Bhavnagar
Blackbuck Homestay,3.5,Very Good,"Narbad, Narbad",5 minutes walk to Velavadar Railway Station,3822,5200,26.5,Air Conditioning,Bhavnagar,Bhavnagar
HOTEL OM PALACE & PARTY PLOT,3.3,Good,"Palitana, Palitana",3 minutes walk to Palitana Railway Station,1249,1600,21.9,24-hour Room Service,Bhavnagar,Bhavnagar
Krushnapriya Guest House,3.5,Very Good,"Panwadi, Bhavnagar",5.8 km drive to Bhavnagar Airport (BHU),856,1000,14.4,Parking,Bhavnagar,Bhavnagar
Hotel Silver Star,3.5,Very Good,"Panwadi, Bhavnagar",5.1 km drive to Bhavnagar Airport (BHU),1463,1800,18.7,Indoor Games,Bhavnagar,Bhavnagar
Hotel Comfort inn,2.9,Average,"Nawa Para, Bhavnagar",5.0 km drive to Bhavnagar Airport (BHU),898,1050,14.5,24-hour Room Service,Bhavnagar,Bhavnagar
HOTEL NANDINI PALITANA,2.3,Average,"Palitana, Palitana",,2184,2500,12.6,Kids Play Area,Bhavnagar,Bhavnagar
HOTEL EVERLAND,2.3,Average,"Panwadi, Bhavnagar",6.6 km drive to Bhavnagar Airport (BHU),3931,4500,12.6,24-hour Room Service,Bhavnagar,Bhavnagar
Dream Resort,4.0,Very Good,Bhujodi,10.6 km from city centre,2475,3200,22.7,Swimming Pool,Bhuj,Kachchh
Hotel Prince,3.9,Very Good,Lal Tekri,4.8 km drive to Bhuj Airport (BHJ),2304,5500,58.1,Gym,Bhuj,Kachchh
Hotel Nest,4.2,Very Good,Odhav Vandana II,1.3 km drive to Bhuj Airport (BHJ),2475,3200,22.7,24-hour Room Service,Bhuj,Kachchh
Ramee The Srinivas Palace,4.3,Excellent,Bhuj,,7302,9000,18.9,Air Conditioning,Bhuj,Kachchh
Hotel Kutch Desert,3.3,Good,Madhapar,9.1 km drive to Bhuj Airport (BHJ),1826,2500,27.0,Jacuzzi,Bhuj,Kachchh
SURKHAB RANN RESORT,3.8,Very Good,Gorewali,78.5 km from city centre,1536,1990,22.8,Restaurant,Bhuj,Kachchh
RYAN RESORT,3.3,Good,Airport Ring Rd,4.0 km drive to Bhuj Airport (BHJ),4725,6000,21.2,Jacuzzi,Bhuj,Kachchh
Amrutiya Farmview Suit,4.8,Excellent,Bhuj,,1677,3000,44.1,Shared Swimming Pool,Bhuj,Kachchh
DAZE OFF STUDIO HOUSE | Wi-Fi & Lawn,4.7,Excellent,Shivnagar,,2596,3000,13.5,Caretaker,Bhuj,Kachchh
HARI OM RESIDENCY,4.1,Very Good,Ghanshyam Nagar,4.5 km drive to Bhuj Airport (BHJ),1645,2500,34.2,24-hour Room Service,Bhuj,Kachchh
White Land Village Stay,4.2,Very Good,Gorewali,,2706,5900,54.1,Bonfire,Bhuj,Kachchh
LA CASA DE RANN,4.2,Very Good,Uma Nagar,6.7 km drive to Bhuj Airport (BHJ),3549,4500,21.1,Restaurant,Bhuj,Kachchh
HOTEL N K,3.3,Good,Vijay Nagar,6.4 km drive to Bhuj Airport (BHJ),1026,1200,14.5,Butler Services,Bhuj,Kachchh
Rann Home Stay Resort,4.0,Very Good,Gorewali,76.1 km from city centre,4442,5000,11.2,Restaurant,Bhuj,Kachchh
WHITE RANN CAMP RANN OF KUTCH,3.5,Very Good,Bhuj,,5691,7450,23.6,24-hour Room Service,Bhuj,Kachchh
Praveg White Rann Resort Rann Utsav Dhordo,3.7,Very Good,Dhordo,1.2 km drive to Rann Utsav Venue,7043,13999,49.7,Bonfire,Bhuj,Kachchh
Hotel Prince Residency.,3.6,Very Good,Airport Ring Rd,7.7 km drive to Bhuj Airport (BHJ),3365,8000,57.9,Restaurant,Bhuj,Kachchh
Praveg Resort Dholavira,4.4,Excellent,In Rann of Kutch,92.0 km from Bhuj city centre,5321,10599,49.8,Restaurant,Bhuj,Kachchh
The Fern Residency,4.0,Very Good,Madhapar,9.4 km drive to Bhuj Airport (BHJ),6422,8777,26.8,Spa,Bhuj,Kachchh
HILL VIEW RESORT,4.2,Very Good,Uma Nagar,5.3 km drive to Bhuj Airport (BHJ),6661,7499,11.2,Swimming Pool,Bhuj,Kachchh
Natures Nest,4.3,Excellent,Airport Ring Rd,,3186,4500,29.2,Kitchenette,Bhuj,Kachchh
HOTEL THE DEVRAJ PALACE,3.5,Very Good,Bhuj,About a minute walk to Bhuj Railway Station,6218,7000,11.2,Private Beach,Bhuj,Kachchh
Hotel Kutch Palace,3.6,Very Good,Nilkanth Nagar,3.0 km drive to Bhuj Airport (BHJ),1950,2500,22.0,24-hour Room Service,Bhuj,Kachchh
Hotel Navkar Residency,3.4,Good,Lal Tekri,5.5 km drive to Bhuj Airport (BHJ),2182,2500,12.7,24-hour Room Service,Bhuj,Kachchh
Hotel Shyam Palace,3.9,Very Good,Madhapar,9.5 km drive to Bhuj Airport (BHJ),1702,2800,39.2,Spa,Bhuj,Kachchh
Ks VILLA BELLA,4.2,Very Good,Bhuj,,3366,4000,15.8,Caretaker,Bhuj,Kachchh
Tree Top Residency,3.7,Very Good,Madhapar,8.9 km drive to Bhuj Airport (BHJ),1624,1900,14.5,Swimming Pool,Bhuj,Kachchh
Kutir Craft Village Resort,4.6,Excellent,Hodka,62.3 km from city centre,3731,4200,11.2,Restaurant,Bhuj,Kachchh
STAYGURU USHA RESIDENCY,3.4,Good,Vijay Nagar,5.7 km drive to Bhuj Airport (BHJ),3692,5500,32.9,24-hour Room Service,Bhuj,Kachchh
Rann Rajvi Homestay,3.6,Very Good,Gorewali,75.8 km from city centre,3127,3500,10.7,24-hour Room Service,Bhuj,Kachchh
Hotel Raj Mahel,3.6,Very Good,Old Dhatia Falia,4.7 km drive to Bhuj Airport (BHJ),1272,1800,29.3,Indoor Games,Bhuj,Kachchh
The Presidential Suites,3.2,Good,Bhuj,6.1 km drive to Bhuj Airport (BHJ),3124,5750,45.7,24-hour Room Service,Bhuj,Kachchh
Hotel Atithi,3.4,Good,Madhapar,9.5 km drive to Bhuj Airport (BHJ),1480,2300,35.7,24-hour Room Service,Bhuj,Kachchh
Shiv Hotel,3.6,Very Good,Old Dhatia Falia,4.1 km drive to Bhuj Airport (BHJ),1708,1999,14.6,Restaurant,Bhuj,Kachchh
Kiaayo Resort White Rann of Kutch,4.1,Very Good,Dhrobana,82.8 km from city centre,4477,7200,37.8,24-hour Room Service,Bhuj,Kachchh
PRIDE ROCK RESORT,4.1,Very Good,Godpar,22.4 km from city centre,3107,4000,22.3,Restaurant,Bhuj,Kachchh
Rann Kandhi Resort,3.9,Very Good,Gorewali,76.5 km from city centre,3126,6600,52.6,Restaurant,Bhuj,Kachchh
WOODEN HERITAGE VILLA,4.7,Excellent,Bhuj,,3637,4880,25.5,Air Conditioning,Bhuj,Kachchh
Hotel Viraj- Residency,3.3,Good,Vardhman Nagar,,2474,3500,29.3,Kids Play Area,Bhuj,Kachchh
VRP Guest House,3.1,Good,Ghanshyam Nagar,4.6 km drive to Bhuj Airport (BHJ),462,540,14.4,Luggage Storage,Bhuj,Kachchh
Hotel White Desert,3.4,Good,Airport Ring Rd,4.2 km drive to Bhuj Airport (BHJ),1666,2200,24.3,Spa,Bhuj,Kachchh
Rann Chandni,4.1,Very Good,Hodka,62.8 km from city centre,5430,7200,24.6,Bonfire,Bhuj,Kachchh
HOTEL SHIV RESIDENCY,4.1,Very Good,Old Dhatia Falia,5.0 km drive to Bhuj Airport (BHJ),1880,2200,14.5,24-hour Room Service,Bhuj,Kachchh
HOTEL KUTCH HERITAGE,3.6,Very Good,Airport Ring Rd,4.2 km drive to Bhuj Airport (BHJ),1709,2000,14.6,Restaurant,Bhuj,Kachchh
Always welcome home stay,4.1,Very Good,Gorewali,76.3 km from city centre,3692,4600,19.7,Private Living Room,Bhuj,Kachchh
Dharani Village Resort,4.2,Very Good,Hodka,62.5 km from city centre,3844,5500,30.1,24-hour Room Service,Bhuj,Kachchh
Ranjan Vadi,3.5,Very Good,Bhuj,8.5 km drive to Bhuj Airport (BHJ),1769,2300,23.1,24-hour Room Service,Bhuj,Kachchh
Kutch Classic Resort Camp,4.1,Very Good,Gorewali,74.7 km from city centre,4682,5200,10.0,24-hour Room Service,Bhuj,Kachchh
HOTEL DESERT INN,3.1,Good,Old Dhatia Falia,4.8 km drive to Bhuj Airport (BHJ),1346,2188,38.5,24-hour Room Service,Bhuj,Kachchh
BANNI VILLAGE STAY,4.5,Excellent,Hodka,62.6 km from city centre,2653,2999,11.5,Bonfire,Bhuj,Kachchh
White Desert Camp,3.4,Good,Gorewali,75.5 km from city centre,4276,9600,55.5,24-hour Room Service,Bhuj,Kachchh
ANNPURNA GUEST HOUSE,3.9,Very Good,Old Dhatia Falia,4.4 km drive to Bhuj Airport (BHJ),1196,3450,65.3,Restaurant,Bhuj,Kachchh
SHYAM HOMESTAY,4.1,Very Good,Shreeji Nagar,,2720,3649,25.5,Caretaker,Bhuj,Kachchh
Hotel Royal Palace,1.8,Poor,Madhapar,9.5 km drive to Bhuj Airport (BHJ),3352,4500,25.5,Restaurant,Bhuj,Kachchh
Family Homestay Kutch,3.7,Very Good,Gorewali,,2878,3500,17.8,Lawn,Bhuj,Kachchh
HOTEL SAHARA PALACE,3.1,Good,Ghanshyam Nagar,4.7 km drive to Bhuj Airport (BHJ),1187,1550,23.4,Restaurant,Bhuj,Kachchh
Stay Guru Holiday White Rann Camp,3.5,Very Good,Gorewali,75.4 km from city centre,4797,6000,20.0,24-hour Room Service,Bhuj,Kachchh
THE KUTCHH COURTYARD,4.9,Excellent,Bhujodi,9.2 km from city centre,6745,10700,37.0,Lawn,Bhuj,Kachchh
Hotel Kutch Elegance,3.5,Very Good,Madhapar,8.6 km drive to Bhuj Airport (BHJ),2641,4000,34.0,Restaurant,Bhuj,Kachchh
THE ROYAL RIVIERA,3.5,Very Good,Bhuj,3.8 km drive to Bhuj Airport (BHJ),6289,8000,21.4,Bonfire,Bhuj,Kachchh
SHILPGRAM FARM STAY AND RESORT,3.2,Good,Kukma,11.8 km from city centre,1154,1500,23.1,Indoor Games,Bhuj,Kachchh
Rann Niwas Village Stay,5.0,Excellent,Hodka,62.6 km from city centre,3553,4000,11.2,24-hour Room Service,Bhuj,Kachchh
Rann Heritage Resort,3.7,Very Good,Bhuj,1.5 km drive to Rann Utsav Venue,5774,6500,11.2,24-hour Room Service,Bhuj,Kachchh
Shakti hostel&hotel,2.7,Average,Bhuj,6.3 km drive to Bhuj Airport (BHJ),1282,1500,14.5,24-hour Room Service,Bhuj,Kachchh
Swamira'hut,3.4,Good,Bhuj,,3282,3900,15.8,Living Room,Bhuj,Kachchh
Hotel Hastik,3.5,Very Good,Bhuj,23.6 km from city centre,1675,2241,25.3,Butler Services,Bhuj,Kachchh
Hotel Shiv Lake,3.2,Good,Old Dhatia Falia,4.1 km drive to Bhuj Airport (BHJ),4095,4500,9.0,24-hour Room Service,Bhuj,Kachchh
GREAT RANN RESORT,3.2,Good,Dhordo,,6094,7500,18.7,Caretaker,Bhuj,Kachchh
Hotel BhujView,2.8,Average,Madhapar,9.7 km drive to Bhuj Airport (BHJ),1729,1900,9.0,24-hour Room Service,Bhuj,Kachchh
Hotel Shiv Regency,3.0,Good,Kukma,6 minutes walk to Kukma Railway Station,1911,3500,45.4,Restaurant,Bhuj,Kachchh
Mahefeel E Rann Resort,4.2,Very Good,Hodka,62.7 km from city centre,3635,4200,13.5,24-hour Room Service,Bhuj,Kachchh
Hotel Smriti Hills,3.5,Very Good,Madhapar,9.7 km drive to Bhuj Airport (BHJ),2730,3000,9.0,24-hour Room Service,Bhuj,Kachchh
Hotel Radiant,3.5,Very Good,Madhapar,8.6 km drive to Bhuj Airport (BHJ),2275,2500,9.0,24-hour Room Service,Bhuj,Kachchh
DESERT INN CAMP,3.5,Very Good,Dhordo,1.6 km drive to Rann Utsav Venue,4095,4500,9.0,24-hour Room Service,Bhuj,Kachchh
HOTEL RANN FRONT,3.5,Very Good,Bhuj,20.1 km from city centre,1743,2500,30.3,Restaurant,Bhuj,Kachchh
hotel orion,2.7,Average,Bhuj,,3067,3500,12.4,Spa,Bhuj,Kachchh
Kutch Yatra,3.9,Very Good,Bhuj,,8521,10000,14.8,Housekeeping,Bhuj,Kachchh
HODKA - ZEEL RESORT,3.8,Very Good,Hodka,62.9 km from city centre,4337,5500,21.1,24-hour Room Service,Bhuj,Kachchh
Hotel Anjali Palace,3.5,Very Good,Vijay Nagar,6.3 km drive to Bhuj Airport (BHJ),3724,5000,25.5,24-hour Room Service,Bhuj,Kachchh
Hotel Bhaguji,1.8,Poor,Madhapar,9.5 km drive to Bhuj Airport (BHJ),1709,2000,14.6,Free Wi-Fi,Bhuj,Kachchh
KACHCHH ADVENTURES CAMP AND RESORT,3.5,Very Good,Bhuj,19.2 km from city centre,6129,6900,11.2,24-hour Room Service,Bhuj,Kachchh
Rann Dharti Homestay,3.5,Very Good,Hodka,62.2 km from city centre,2905,3500,17.0,Shared Parking,Bhuj,Kachchh
parshukshetra,3.5,Very Good,Bhuj,5.5 km drive to Bhuj Airport (BHJ),2195,2500,12.2,Air Conditioning,Bhuj,Kachchh
RANN KAAR VILLAGE RESORT,3.5,Very Good,Hodka,62.5 km from city centre,3505,4000,12.4,24-hour Room Service,Bhuj,Kachchh
Prag View Heritage Homestay,4.2,Very Good,Old Dhatia Falia,3.7 km drive to Bhuj Airport (BHJ),2945,3500,15.9,Bonfire,Bhuj,Kachchh
Royal Guest House,4.1,Very Good,Old Dhatia Falia,5.2 km drive to Bhuj Airport (BHJ),1282,1500,14.5,Lounge,Bhuj,Kachchh
HeArt of Kutch,3.7,Very Good,Hodka,,3534,4200,15.9,24-hour Room Service,Bhuj,Kachchh
Shivalika Resort,3.5,Very Good,Bhuj,13.8 km from city centre,5774,6500,11.2,Swimming Pool,Bhuj,Kachchh
SAGAR GUEST HOUSE,2.3,Average,Ghanshyam Nagar,4.5 km drive to Bhuj Airport (BHJ),940,1100,14.5,Lounge,Bhuj,Kachchh
Shree Chawal Krupa Guest House,3.5,Very Good,Kukma,11.2 km from city centre,1367,1600,14.6,Living Room,Bhuj,Kachchh
HAPPY HOME,4.3,Excellent,Bhuj,4.0 km drive to Bhuj Airport (BHJ),2502,3000,16.6,Kitchenette,Bhuj,Kachchh
K K BUNGALOWS,3.5,Very Good,Airport Ring Rd,3.7 km drive to Bhuj Airport (BHJ),5533,9999,44.7,Kitchenette,Bhuj,Kachchh
Eraya Villa Bhuj,3.5,Very Good,Bhuj,13.7 km from city centre,16319,18500,11.8,Caretaker,Bhuj,Kachchh
Luxurious 3 BHK Villa In Bhuj Shivani Homestay,4.5,Excellent,Bhuj,,6960,7989,12.9,Free Wi-Fi,Bhuj,Kachchh
Riddhi Siddhi Villa,3.5,Very Good,Bhuj,17.3 km from city centre,7498,8500,11.8,Air Conditioning,Bhuj,Kachchh
Villa in Bhuj,3.5,Very Good,Bhuj,13.6 km from city centre,22052,25000,11.8,Free Wi-Fi,Bhuj,Kachchh
Ginger Dwarka,3.5,Very Good,Dwarka,6.6 km drive to Dwarkadhish Temple,2624,2624,0.0,Restaurant,Dwarka,Devbhoomi Dwarka
Amazing Fun World Resort BY NEXOTTEL,3.9,Very Good,Dhrasan Vel,9.5 km drive to Dwarkadhish Temple,1685,3959,57.4,Swimming Pool,Dwarka,Devbhoomi Dwarka
The Dwarika Hotel,4.1,Very Good,Aboti Brahmin Vadi,9 minutes walk to Dwarkadhish Temple,2604,5111,49.1,Restaurant,Dwarka,Devbhoomi Dwarka
The Fern Sattva Resort,4.3,Excellent,Dwarka,7.5 km drive to Dwarkadhish Temple,5683,7400,23.2,Swimming Pool,Dwarka,Devbhoomi Dwarka
Hotel Holiston,4.3,Excellent,Ghanshyam Nagar,950 m drive to Dwarkadhish Temple,2009,2300,12.7,Restaurant,Dwarka,Devbhoomi Dwarka
HOTEL FORTUNE PALACE,4.3,Excellent,Aboti Brahmin Vadi,1.1 km drive to Dwarkadhish Temple,2376,3500,32.1,Restaurant,Dwarka,Devbhoomi Dwarka
VITS Devbhumi,4.2,Very Good,Narshi Keshavji Vadi,990 m drive to Dwarkadhish Temple,4399,5499,20.0,Gym,Dwarka,Devbhoomi Dwarka
Hotel Vandana Dwarka,3.5,Very Good,Aboti Brahmin Vadi,980 m drive to Dwarkadhish Temple,1321,1680,21.4,Restaurant,Dwarka,Devbhoomi Dwarka
HOTEL LORD KRISHNA,4.1,Very Good,Ramdhun Rd,3 minutes walk to Dwarka Beach,1792,2279,21.4,Lounge,Dwarka,Devbhoomi Dwarka
HOTEL CHHAYA,3.8,Very Good,Aboti Brahmin Vadi,8 minutes walk to Dwarkadhish Temple,1049,1200,12.6,Caretaker,Dwarka,Devbhoomi Dwarka
Enrise by Sayaji Dwarka,4.3,Excellent,Dwarka,5.7 km drive to Dwarkadhish Temple,6008,7000,14.2,Swimming Pool,Dwarka,Devbhoomi Dwarka
Devbhoomi Residency,4.2,Very Good,Gomti Ghat,About a minute walk to Dwarka Beach,1314,1599,17.8,Shared Kitchen,Dwarka,Devbhoomi Dwarka
Hotel Shree Darshan,3.9,Very Good,Narshi Keshavji Vadi,3 minutes walk to Dwarkadhish Temple,1777,2700,34.2,24-hour Room Service,Dwarka,Devbhoomi Dwarka
Hotel Shree Gurukrupa,3.8,Very Good,Narshi Keshavji Vadi,4 minutes walk to Dwarkadhish Temple,1742,2500,30.3,24-hour Room Service,Dwarka,Devbhoomi Dwarka
Guruprerna Beacon Resort,4.1,Very Good,Dwarka,3 minutes walk to Dwarkadhish Temple,3590,5599,35.9,Restaurant,Dwarka,Devbhoomi Dwarka
Hawthorn Suites by Wyndham Dwarka,4.4,Excellent,Dwarka,7.3 km drive to Dwarkadhish Temple,7899,7899,0.0,Spa,Dwarka,Devbhoomi Dwarka
Hotel Rajdhani,3.8,Very Good,Bhadrakali Road,4 minutes walk to Dwarka Beach,2359,3000,21.4,Restaurant,Dwarka,Devbhoomi Dwarka
Lemon Tree Premier,4.4,Excellent,Ghanshyam Nagar,9 minutes walk to Dwarkadhish Temple,5623,7730,27.3,Jacuzzi,Dwarka,Devbhoomi Dwarka
Rk House,3.9,Very Good,Aboti Brahmin Vadi,8 minutes walk to Dwarkadhish Temple,1779,2000,11.0,Caretaker,Dwarka,Devbhoomi Dwarka
Dwarkadhish Lords Eco Inn Dwarka - Pure Veg,4.2,Very Good,Dwarka Beach,About a minute walk to Dwarka Beach,3999,3999,0.0,Gym,Dwarka,Devbhoomi Dwarka
The Sky Comfort Beach Hotel,4.0,Very Good,Dwarka,5.3 km drive to Dwarkadhish Temple,1887,2700,30.1,Restaurant,Dwarka,Devbhoomi Dwarka
Hotel Holiday Icon,4.1,Very Good,Dwarka,990 m drive to Dwarkadhish Temple,1573,1800,12.6,Restaurant,Dwarka,Devbhoomi Dwarka
Sudama homestay,3.3,Good,Ghanshyam Nagar,1.7 km drive to Dwarkadhish Temple,1521,1900,19.9,Free Wi-Fi,Dwarka,Devbhoomi Dwarka
Hotel Lord Krishna Dham,3.5,Very Good,Ghanshyam Nagar,1.7 km drive to Dwarkadhish Temple,1631,2199,25.8,Restaurant,Dwarka,Devbhoomi Dwarka
Hotel Shreedhara,4.0,Very Good,Ghanshyam Nagar,1.5 km drive to Dwarkadhish Temple,1185,1800,34.2,24-hour Room Service,Dwarka,Devbhoomi Dwarka
Damji Hotel,4.0,Very Good,Aboti Brahmin Vadi,5 minutes walk to Dwarkadhish Temple,2184,2500,12.6,Butler Services,Dwarka,Devbhoomi Dwarka
The Grand Ladhukara,4.4,Excellent,Dwarka,About a minute walk to Dwarka Beach,2184,2500,12.6,Restaurant,Dwarka,Devbhoomi Dwarka
HOTEL HARIDARSHAN,3.9,Very Good,Dwarka,3 minutes walk to Dwarkadhish Temple,1765,2400,26.5,24-hour Room Service,Dwarka,Devbhoomi Dwarka
Pride Comfort Dwarka,4.4,Excellent,Ghanshyam Nagar,9 minutes walk to Dwarkadhish Temple,4699,5874,20.0,Swimming Pool,Dwarka,Devbhoomi Dwarka
Hotel Gomti,3.9,Very Good,Dwarka,About a minute walk to Dwarkadhish Temple,2439,3500,30.3,Restaurant,Dwarka,Devbhoomi Dwarka
Hotel Swati,4.2,Very Good,Narshi Keshavji Vadi,930 m drive to Dwarkadhish Temple,1850,2390,22.6,Restaurant,Dwarka,Devbhoomi Dwarka
Hotel The Manek,3.6,Very Good,Dwarka Beach,About a minute walk to Dwarka Beach,2801,5247,46.6,Restaurant,Dwarka,Devbhoomi Dwarka
Evergreen Residency- Dwarka,3.3,Good,Ghanshyam Nagar,1.4 km drive to Dwarkadhish Temple,757,899,15.8,Shared Kitchen,Dwarka,Devbhoomi Dwarka
Hotel Park Royal,4.2,Very Good,Bhadrakali Road,6 minutes walk to Dwarka Beach,2621,3000,12.6,Restaurant,Dwarka,Devbhoomi Dwarka
HOTEL THE BARSANA,4.3,Excellent,Aboti Brahmin Vadi,8 minutes walk to Dwarkadhish Temple,2090,3000,30.3,Restaurant,Dwarka,Devbhoomi Dwarka
The Sky Comfort Hotel Krisha,4.1,Very Good,Aboti Brahmin Vadi,6 minutes walk to Dwarkadhish Temple,1471,2100,30.0,Lounge,Dwarka,Devbhoomi Dwarka
Shubham Homestay,3.5,Very Good,Aboti Brahmin Vadi,,674,850,20.7,Air Conditioning,Dwarka,Devbhoomi Dwarka
Hotel Sanskruti Inn,3.7,Very Good,Bhadrakali Road,5 minutes walk to Dwarka Beach,1652,2200,24.9,Restaurant,Dwarka,Devbhoomi Dwarka
HOTEL PURUSHOTTAM,3.7,Very Good,Narshi Keshavji Vadi,8 minutes walk to Dwarkadhish Temple,1672,2400,30.3,Restaurant,Dwarka,Devbhoomi Dwarka
The Sky Imperial Bapu's Resort,4.0,Very Good,Baradia,9.2 km from city centre,2935,4200,30.1,Swimming Pool,Dwarka,Devbhoomi Dwarka
Madhav Homestay,4.2,Very Good,Aboti Brahmin Vadi,1.1 km drive to Dwarkadhish Temple,1804,2134,15.5,Private Kitchen,Dwarka,Devbhoomi Dwarka
Hotel Gopal,3.5,Very Good,Tinbatti Chowk,2 minutes walk to Dwarka Beach,1485,1700,12.6,24-hour Room Service,Dwarka,Devbhoomi Dwarka
Hotel Rudra Plaza,3.9,Very Good,Narshi Keshavji Vadi,6 minutes walk to Dwarkadhish Temple,3484,5000,30.3,Restaurant,Dwarka,Devbhoomi Dwarka
Hotel Devkinandan,3.7,Very Good,Dwarka,8 minutes walk to Dwarkadhish Temple,1868,2500,25.3,24-hour Room Service,Dwarka,Devbhoomi Dwarka
The Grand Dwarika,4.1,Very Good,Dwarka,3 minutes walk to Dwarkadhish Temple,3414,4000,14.6,Water Sports,Dwarka,Devbhoomi Dwarka
Hotel Vraj Inn,3.8,Very Good,Ghanshyam Nagar,2.0 km drive to Dwarkadhish Temple,2090,3000,30.3,Restaurant,Dwarka,Devbhoomi Dwarka
The Grand Pratap,3.5,Very Good,Dwarka,1.7 km drive to Dwarka Beach,865,1100,21.4,Restaurant,Dwarka,Devbhoomi Dwarka
HOTEL SHREE NATH,3.2,Good,Narshi Keshavji Vadi,3 minutes walk to Dwarkadhish Temple,1308,1899,31.1,24-hour Room Service,Dwarka,Devbhoomi Dwarka
Hotel Meera Dwarka,3.6,Very Good,Aboti Brahmin Vadi,9 minutes walk to Dwarkadhish Temple,1549,2000,22.6,Restaurant,Dwarka,Devbhoomi Dwarka
Royal House Family Bunglow,3.9,Very Good,Dwarka,1.3 km drive to Dwarkadhish Temple,1123,1500,25.1,Reception,Dwarka,Devbhoomi Dwarka
Madhuvan Suites by Blues,3.8,Very Good,Dwarka,7.3 km from city centre,2013,4000,49.7,Swimming Pool,Dwarka,Devbhoomi Dwarka
Hotel Kashi,4.4,Excellent,Narshi Keshavji Vadi,9 minutes walk to Dwarkadhish Temple,1936,2500,22.6,24-hour Room Service,Dwarka,Devbhoomi Dwarka
Hotel Kant - Near Shree Dwarkadhish Temple,3.3,Good,Tinbatti Chowk,6 minutes walk to Dwarkadhish Temple,2267,2790,18.7,Restaurant,Dwarka,Devbhoomi Dwarka
Hotel Siddh,3.3,Good,Dwarka,3 minutes walk to Dwarkadhish Temple,1877,2100,10.6,Air Conditioning,Dwarka,Devbhoomi Dwarka
Goverdhan Greens,3.7,Very Good,Baradia,8.8 km drive to Dwarkadhish Temple,2135,2716,21.4,Swimming Pool,Dwarka,Devbhoomi Dwarka
Hotel Leela's,4.1,Very Good,Tinbatti Chowk,3 minutes walk to Dwarka Beach,2621,3000,12.6,24-hour Room Service,Dwarka,Devbhoomi Dwarka
The Sky Comfort - Hotel The Heaven,3.3,Good,Ghanshyam Nagar,1.8 km drive to Dwarkadhish Temple,1337,1700,21.4,24-hour Room Service,Dwarka,Devbhoomi Dwarka
Hotel Narayan Inn.,4.1,Very Good,Tinbatti Chowk,3 minutes walk to Dwarka Beach,1951,2800,30.3,Water Sports,Dwarka,Devbhoomi Dwarka
Hari Palace - Near Shree Dwarkadhish Temple,3.7,Very Good,Dwarka,3 minutes walk to Dwarkadhish Temple,2183,2499,12.6,Fireplace,Dwarka,Devbhoomi Dwarka
Vaividhya Atithi Gruh,3.5,Very Good,Bhadrakali Road,5 minutes walk to Dwarka Beach,2282,2700,15.5,Air Conditioning,Dwarka,Devbhoomi Dwarka
Hotel City Palace,3.3,Good,Tinbatti Chowk,3 minutes walk to Dwarka Beach,2184,2500,12.6,Restaurant,Dwarka,Devbhoomi Dwarka
Hotel Kuber,3.2,Good,Aboti Brahmin Vadi,8 minutes walk to Dwarkadhish Temple,1519,2899,47.6,Fireplace,Dwarka,Devbhoomi Dwarka
Hotel Lunai Sadan,4.1,Very Good,Dwarka,6 minutes walk to Dwarkadhish Temple,1048,1199,12.6,24-hour Room Service,Dwarka,Devbhoomi Dwarka
Gurukrupa Bungalows,3.6,Very Good,Dwarka Beach,,1491,2000,25.4,Caretaker,Dwarka,Devbhoomi Dwarka
Hotel Nand Nandan,3.8,Very Good,Narshi Keshavji Vadi,2 minutes walk to Dwarkadhish Temple,1704,3000,43.2,24-hour Room Service,Dwarka,Devbhoomi Dwarka
Chitrakut Bunglows | Rooms & Caretaker,3.4,Good,Dwarka,,1606,1900,15.5,Housekeeping,Dwarka,Devbhoomi Dwarka
Regenta Dwarka,3.8,Very Good,Narshi Keshavji Vadi,930 m drive to Dwarkadhish Temple,3349,4100,18.3,Gym,Dwarka,Devbhoomi Dwarka
Hotel Kutchi Palace,3.4,Good,Aboti Brahmin Vadi,5 minutes walk to Dwarkadhish Temple,1742,2250,22.6,24-hour Room Service,Dwarka,Devbhoomi Dwarka
Hotel Mayur,2.3,Average,Narshi Keshavji Vadi,About a minute walk to Dwarkadhish Temple,1112,1500,25.9,24-hour Room Service,Dwarka,Devbhoomi Dwarka
Hotel Gayatri,2.5,Average,Tinbatti Chowk,4 minutes walk to Dwarka Beach,1311,1699,22.8,24-hour Room Service,Dwarka,Devbhoomi Dwarka
Krushnashakti Holiday Homes,2.7,Average,Dwarka,1.6 km drive to Dwarka Beach,839,1250,32.9,Lawn,Dwarka,Devbhoomi Dwarka
Angel Hotels,3.4,Good,Aboti Brahmin Vadi,10 minutes walk to Dwarkadhish Temple,1498,2150,30.3,24-hour Room Service,Dwarka,Devbhoomi Dwarka
The Sky Comfort Hotel Mahi,4.8,Excellent,Dwarka,2 minutes walk to Shri Nageshwar Jyotirlinga Temple,1961,2800,30.0,Restaurant,Dwarka,Devbhoomi Dwarka
Hotel Kaanha Dwarka,2.8,Average,Dwarka,1.4 km drive to Dwarkadhish Temple,2149,2899,25.9,24-hour Room Service,Dwarka,Devbhoomi Dwarka
Krishna guest house,2.7,Average,Dwarka,5 minutes walk to Dwarkadhish Temple,890,1000,11.0,Paid On-site Parking,Dwarka,Devbhoomi Dwarka
The Bhanu Inn,3.1,Good,Tinbatti Chowk,3 minutes walk to Dwarka Beach,1549,2000,22.6,24-hour Room Service,Dwarka,Devbhoomi Dwarka
HOTEL ANTILIA INN,3.3,Good,Narshi Keshavji Vadi,7 minutes walk to Dwarkadhish Temple,1916,2580,25.7,Restaurant,Dwarka,Devbhoomi Dwarka
Hotel Radhe,2.3,Average,Okha,3 minutes walk to Okha Railway Station,1922,2200,12.6,24-hour Room Service,Dwarka,Devbhoomi Dwarka
Hotel Shivam,2.5,Average,Ghanshyam Nagar,1.5 km drive to Dwarkadhish Temple,2090,3000,30.3,24-hour Room Service,Dwarka,Devbhoomi Dwarka
Hotel Shakti,3.0,Good,Narshi Keshavji Vadi,6 minutes walk to Dwarkadhish Temple,2445,2799,12.6,24-hour Room Service,Dwarka,Devbhoomi Dwarka
HOTEL SHREE HARI,3.5,Very Good,Narshi Keshavji Vadi,5 minutes walk to Dwarkadhish Temple,1747,2000,12.6,Lounge,Dwarka,Devbhoomi Dwarka
JivnTirth,2.0,Average,Aboti Brahmin Vadi,8 minutes walk to Dwarkadhish Temple,878,1000,12.2,24-hour Room Service,Dwarka,Devbhoomi Dwarka
HOTEL MARINERS COURT,3.0,Good,Okha,About a minute walk to Okha Railway Station,2184,2500,12.6,24-hour Room Service,Dwarka,Devbhoomi Dwarka
Devbhumi Bhavan,1.9,Poor,Dwarka,1.5 km drive to Dwarkadhish Temple,1482,1999,25.9,24-hour Room Service,Dwarka,Devbhoomi Dwarka
HomeStay Mangalam Dwarka,5.0,Excellent,Dwarka,About a minute walk to Dwarkadhish Temple,1771,2134,17.0,Free Wi-Fi,Dwarka,Devbhoomi Dwarka
Mahadev Home Stay Dwarka,4.6,Excellent,Aboti Brahmin Vadi,7 minutes walk to Dwarkadhish Temple,1262,1499,15.8,Caretaker,Dwarka,Devbhoomi Dwarka
Happy Homestay,3.0,Good,Ghanshyam Nagar,930 m drive to Dwarkadhish Temple,1262,1500,15.9,Air Conditioning,Dwarka,Devbhoomi Dwarka
Damodar Bhavan,3.0,Good,Aboti Brahmin Vadi,9 minutes walk to Dwarkadhish Temple,874,1000,12.6,Free Public Parking,Dwarka,Devbhoomi Dwarka
Mahadev home stay,3.5,Very Good,Ghanshyam Nagar,1.4 km drive to Dwarkadhish Temple,1422,1620,12.2,Air Conditioning,Dwarka,Devbhoomi Dwarka
Gauri Villa,2.5,Average,Dwarka,1.3 km drive to Dwarkadhish Temple,2634,3000,12.2,Air Conditioning,Dwarka,Devbhoomi Dwarka
Shree Giriraj Farm,3.5,Very Good,Dwarka,,4334,5500,21.2,Caretaker,Dwarka,Devbhoomi Dwarka
Hotel Mahalaxmi,2.0,Average,Ghanshyam Nagar,7 minutes walk to Dwarkadhish Temple,1045,1500,30.3,24-hour Room Service,Dwarka,Devbhoomi Dwarka
Grand Mercure,4.3,Excellent,"Gujarat International Finance Tec City, Gandhinagar",12.4 km from city centre,4900,4900,0.0,Spa,Gandhinagar,Gandhinagar
Hotel Downtown,4.2,Very Good,"Urjanagar 1, Gandhinagar",,3489,4499,22.4,Restaurant,Gandhinagar,Gandhinagar
Siara Styles Amba Suites,4.6,Excellent,"Gandhinagar, Gandhinagar",11.9 km from city centre,2160,3871,44.2,Restaurant,Gandhinagar,Gandhinagar
Treebo Blue Moon,3.5,Very Good,"Randesan, Gandhinagar",6.1 km from city centre,1803,4452,59.5,Lounge,Gandhinagar,Gandhinagar
Skylon Hotel,3.7,Very Good,"Sector 26, Gandhinagar",,1655,2499,33.8,Restaurant,Gandhinagar,Gandhinagar
HOTEL HILLTON,3.4,Good,"Urjanagar 1, Gandhinagar",,1690,2599,35.0,Restaurant,Gandhinagar,Gandhinagar
Prominent Corporate Residency,4.2,Very Good,"Urjanagar 1, Gandhinagar",,4324,4950,12.6,Gym,Gandhinagar,Gandhinagar
CRAYON HOTELS,3.7,Very Good,"Sector 11, Gandhinagar",,2979,4500,33.8,Restaurant,Gandhinagar,Gandhinagar
The Fern Residency,4.2,Very Good,"Sargaasan, Gandhinagar",,8722,12499,30.2,Gym,Gandhinagar,Gandhinagar
Hotel Hill City,3.4,Good,"Kudasan, Gandhinagar",,1481,2500,40.8,Butler Services,Gandhinagar,Gandhinagar
Fortune Inn Haveli,4.2,Very Good,"Sector 11, Gandhinagar",,4498,4498,0.0,Spa,Gandhinagar,Gandhinagar
Perfect Room in Perfect Bungalow,3.5,Very Good,"Sector 8, Gandhinagar",,3088,3472,11.1,Shared Kitchen,Gandhinagar,Gandhinagar
7 Wonders Hotel,4.0,Very Good,"Urjanagar 1, Gandhinagar",,2024,3000,32.5,Restaurant,Gandhinagar,Gandhinagar
Hotel The Grand Heaven,3.9,Very Good,"Sector 11, Gandhinagar",,3756,4300,12.7,24-hour Room Service,Gandhinagar,Gandhinagar
HOTEL REST INN,3.0,Good,"Sector 11, Gandhinagar",,1953,3500,44.2,Free Parking,Gandhinagar,Gandhinagar
Shiv Inn,3.9,Very Good,"Sargaasan, Gandhinagar",,985,1199,17.8,24-hour Room Service,Gandhinagar,Gandhinagar
Rooms in a Fully Furnished Bungalow,3.9,Very Good,"Sector 1, Gandhinagar",,2596,3000,13.5,Caretaker,Gandhinagar,Gandhinagar
Hotel Prayosha,3.3,Good,"Randheja, Gandhinagar",8.9 km from city centre,1686,2050,17.8,Restaurant,Gandhinagar,Gandhinagar
The Lemongrass Hotels,4.2,Very Good,"Bhaijipura, Gandhinagar",7.5 km from city centre,2671,3500,23.7,Restaurant,Gandhinagar,Gandhinagar
Gift City Club - a member of Radisson Individuals,4.3,Excellent,"Gujarat International Finance Tec City, Gandhinagar",13.7 km from city centre,7499,7499,0.0,Swimming Pool,Gandhinagar,Gandhinagar
Hotel City Inn,4.0,Very Good,"Urjanagar 1, Gandhinagar",,2486,3500,29.0,Restaurant,Gandhinagar,Gandhinagar
Hotel Hill Look Inn,3.3,Good,"Randesan, Gandhinagar",6.0 km from city centre,1514,2499,39.4,24-hour Room Service,Gandhinagar,Gandhinagar
The Leela Gandhinagar,4.6,Excellent,"Sector 14, Gandhinagar",,9500,9500,0.0,Spa,Gandhinagar,Gandhinagar
Hotel HR,3.4,Good,"Urjanagar 1, Gandhinagar",,1731,2000,13.4,24-hour Room Service,Gandhinagar,Gandhinagar
Hotel Middletown,3.7,Very Good,"Urjanagar 1, Gandhinagar",,1385,1600,13.4,24-hour Room Service,Gandhinagar,Gandhinagar
Hotel shrimad Villa Gandhinagar,3.9,Very Good,"Kudasan, Gandhinagar",,1626,2650,38.6,Spa,Gandhinagar,Gandhinagar
FabHotel Siddharth Corporate - Vavol,4.2,Very Good,"Gandhinagar, Gandhinagar",3.9 km from city centre,4591,10973,58.2,Swimming Pool,Gandhinagar,Gandhinagar
Perfect Stay in Elite Central Gandhinagar,3.0,Good,"Sector 8, Gandhinagar",,2419,2700,10.4,Living Room,Gandhinagar,Gandhinagar
Hotel Vivan,3.3,Good,"Bhaijipura, Gandhinagar",7.6 km from city centre,1557,1999,22.1,24-hour Room Service,Gandhinagar,Gandhinagar
Super Hotel O Relax Inn,3.1,Good,"Vavol, Gandhinagar",,2162,4018,46.2,24-hour Room Service,Gandhinagar,Gandhinagar
Hotel O Siddharth Inn,3.7,Very Good,"Gandhinagar, Gandhinagar",13.1 km from city centre,2677,4932,45.7,24-hour Room Service,Gandhinagar,Gandhinagar
Super Deluxe Suite in Champa Villa,3.5,Very Good,"Sector 6, Gandhinagar",,3021,3640,17.0,Air Conditioning,Gandhinagar,Gandhinagar
The Sky Imperial,3.2,Good,"Sector 25, Gandhinagar",,2679,3900,31.3,Swimming Pool,Gandhinagar,Gandhinagar
Hotel Radhe Krishna,3.3,Good,"Sector 27, Gandhinagar",,2203,2600,15.3,24-hour Room Service,Gandhinagar,Gandhinagar
Hotel Paramount Villa,2.8,Average,"Randesan, Gandhinagar",6.2 km from city centre,1034,1189,13.0,24-hour Room Service,Gandhinagar,Gandhinagar
Hotel Isher International,3.1,Good,"Urjanagar 1, Gandhinagar",,862,1399,38.4,Restaurant,Gandhinagar,Gandhinagar
Hotel Royal Hill,3.3,Good,"Pratap Pura Village, Kalol",,921,1400,34.2,Restaurant,Gandhinagar,Gandhinagar
Hotel Pelican Villa,2.9,Average,"Khodiyar, Gandhinagar",930 m drive to Vaishnodevi Cir,1687,2200,23.3,24-hour Room Service,Gandhinagar,Gandhinagar
Hotel The Grand Pritam,4.0,Very Good,"Urjanagar 1, Gandhinagar",,1303,1699,23.3,24-hour Room Service,Gandhinagar,Gandhinagar
Hotel Planet,3.7,Very Good,"G.I.D.C. Estate, Kalol",,866,1000,13.4,Restaurant,Gandhinagar,Gandhinagar
Hotel Best Elegance,3.9,Very Good,"Urjanagar 1, Gandhinagar",,1019,1899,46.3,24-hour Room Service,Gandhinagar,Gandhinagar
HOTEL ANANYA,3.8,Very Good,"Navjivan Mill Compound, Kalol",,844,1100,23.3,24-hour Room Service,Gandhinagar,Gandhinagar
Hotel Om INn,4.3,Excellent,"Sargaasan, Gandhinagar",,2225,2500,11.0,Spa,Gandhinagar,Gandhinagar
Taj Gandhinagar Resort and Spa,4.6,Excellent,"Gandhinagar, Gandhinagar",19.0 km from city centre,7650,7650,0.0,Jacuzzi,Gandhinagar,Gandhinagar
Hotel Shugun,2.6,Average,"Sector 16, Gandhinagar",,2007,2420,17.1,24-hour Room Service,Gandhinagar,Gandhinagar
The Zuree Hotel,3.2,Good,"Gandhinagar, Gandhinagar",7.9 km from city centre,2599,3599,27.8,Restaurant,Gandhinagar,Gandhinagar
Hotel Vishwa,3.0,Good,"Khodiyar, Gandhinagar",10 minutes walk to Vaishnodevi Cir,1907,2300,17.1,24-hour Room Service,Gandhinagar,Gandhinagar
Hotel Royal Empire,4.2,Very Good,"Gandhinagar, Gandhinagar",7.9 km from city centre,1534,2000,23.3,Restaurant,Gandhinagar,Gandhinagar
HOLIDAY HOME CLUB RESORT,3.9,Very Good,"Mubarakpur, Gandhinagar",18.8 km from city centre,2864,4000,28.4,Swimming Pool,Gandhinagar,Gandhinagar
Hotel Best Velly,3.6,Very Good,"Urjanagar 1, Gandhinagar",,1493,2290,34.8,Butler Services,Gandhinagar,Gandhinagar
Hotel Nayan Palace,3.6,Very Good,"Chhatral, Kalol",,691,900,23.2,Restaurant,Gandhinagar,Gandhinagar
Hotel Nilkamal,3.5,Very Good,"Sector 16, Gandhinagar",,2072,2499,17.1,24-hour Room Service,Gandhinagar,Gandhinagar
Hotel Bellevue,5.0,Excellent,"Urjanagar 1, Gandhinagar",,3938,4500,12.5,Restaurant,Gandhinagar,Gandhinagar
Berlin Hotel,3.3,Good,"Sargaasan, Gandhinagar",,1805,3325,45.7,Restaurant,Gandhinagar,Gandhinagar
Hotel Lotus Park,2.8,Average,"Kudasan, Gandhinagar",,2892,3399,14.9,24-hour Room Service,Gandhinagar,Gandhinagar
FabHotel Crystal I - Gandhinagar,3.2,Good,"Sector 11, Gandhinagar",,1731,3902,55.6,Fireplace,Gandhinagar,Gandhinagar
Hotel M Park,2.6,Average,"Urjanagar 1, Gandhinagar",,2191,3999,45.2,Jacuzzi,Gandhinagar,Gandhinagar
SP Resort and Spa,1.8,Poor,"Chiloda, Gandhinagar",10.4 km from city centre,2867,4500,36.3,24-hour Room Service,Gandhinagar,Gandhinagar
Hotel Pritam,3.4,Good,"Gandhinagar, Gandhinagar",18.8 km from city centre,3222,4500,28.4,Lounge,Gandhinagar,Gandhinagar
Hotel Embassy,3.5,Very Good,"G.I.D.C. Estate, Kalol",,1725,2199,21.6,Fireplace,Gandhinagar,Gandhinagar
HOTEL ANYTIME,2.9,Average,"Sargaasan, Gandhinagar",,1008,1200,16.0,24-hour Room Service,Gandhinagar,Gandhinagar
Hotel Vrundavan,2.8,Average,"Chiloda, Gandhinagar",11.5 km from city centre,1107,1599,30.8,24-hour Room Service,Gandhinagar,Gandhinagar
HOTEL SATKAR CHHATRAL,4.2,Very Good,"Chhatral, Kalol",,1743,2000,12.8,Restaurant,Gandhinagar,Gandhinagar
Keshav Hotel & Resort,3.1,Good,"Gandhinagar, Gandhinagar",13.1 km from city centre,984,1499,34.4,Swimming Pool,Gandhinagar,Gandhinagar
Hotel Kalash,3.5,Very Good,"Sector 16, Gandhinagar",,1487,1799,17.3,Lounge,Gandhinagar,Gandhinagar
Vlee Hotel,2.6,Average,"Gandhinagar, Gandhinagar",13.1 km from city centre,1719,2200,21.9,Butler Services,Gandhinagar,Gandhinagar
Hotel Asopalav,3.1,Good,"Chiloda, Gandhinagar",11.1 km from city centre,1035,1900,45.5,24-hour Room Service,Gandhinagar,Gandhinagar
Krishna Guest House,2.2,Average,"GIDC Industry Area, Mansa, Gujarat",,935,1200,22.1,24-hour Room Service,Gandhinagar,Gandhinagar
Hotel Royal Mansion,2.9,Average,"Bhaijipura, Gandhinagar",7.9 km from city centre,1671,1899,12.0,24-hour Room Service,Gandhinagar,Gandhinagar
Hotel Kingdom,2.5,Average,"Gandhinagar, Gandhinagar",8.6 km from city centre,3117,3500,10.9,Butler Services,Gandhinagar,Gandhinagar
Hotel Suman City ( by Ykx Residencies ),3.3,Good,"Sector 11, Gandhinagar",,2807,4000,29.8,Spa,Gandhinagar,Gandhinagar
Hotel Royal Fort Division by Akshar Hotel,3.8,Very Good,"Dhanap, Gandhinagar",15.8 km from city centre,1733,2200,21.2,Restaurant,Gandhinagar,Gandhinagar
HOTEL BLUE BERRY,3.3,Good,"Sector 16, Gandhinagar",,1872,3000,37.6,24-hour Room Service,Gandhinagar,Gandhinagar
Hotel President Inn By Sky Stays,3.1,Good,"Sector 11, Gandhinagar",,2089,2700,22.6,24-hour Room Service,Gandhinagar,Gandhinagar
Infocity Club & Resort,4.0,Very Good,"Infocity, Gandhinagar",,3403,4000,14.9,Swimming Pool,Gandhinagar,Gandhinagar
Hotel Bhavya Raj,3.2,Good,"Gandhinagar, Gandhinagar",11.2 km from city centre,865,999,13.4,24-hour Room Service,Gandhinagar,Gandhinagar
Hotel Midway Residency,3.4,Good,"Infocity, Gandhinagar",,1740,2999,42.0,24-hour Room Service,Gandhinagar,Gandhinagar
Hotel Repose,3.6,Very Good,"Chhatral, Kalol",,1082,1250,13.4,Restaurant,Gandhinagar,Gandhinagar
BlueRock hotel,2.8,Average,"Gandhinagar, Gandhinagar",13.5 km from city centre,1558,1800,13.4,Swimming Pool,Gandhinagar,Gandhinagar
Shreejis Hotel,5.0,Excellent,"Sector 16, Gandhinagar",,1183,1300,9.0,Fireplace,Gandhinagar,Gandhinagar
Hotel Prime,3.8,Very Good,"Urjanagar 1, Gandhinagar",,4968,6500,23.6,24-hour Room Service,Gandhinagar,Gandhinagar
Hotel Jay Krishna,2.9,Average,"Gandhinagar, Gandhinagar",8.5 km from city centre,1973,2800,29.5,Lounge,Gandhinagar,Gandhinagar
Hotel Varun,3.0,Good,"Sector 16, Gandhinagar",,1533,1999,23.3,24-hour Room Service,Gandhinagar,Gandhinagar
Hotel Shiv Kunj,4.0,Very Good,"Khodiyar, Gandhinagar",2.4 km drive to Vaishnodevi Cir,1239,1900,34.8,24-hour Room Service,Gandhinagar,Gandhinagar
Hotel Royal Stay,2.3,Average,"Gandhinagar, Gandhinagar",8.6 km from city centre,1039,1200,13.4,24-hour Room Service,Gandhinagar,Gandhinagar
Hotel Ashooka Inn,3.4,Good,"Urjanagar 1, Gandhinagar",,1644,2000,17.8,Restaurant,Gandhinagar,Gandhinagar
Hotel Ghunghat,3.3,Good,"Randheja, Gandhinagar",7.4 km from city centre,2438,3800,35.8,Restaurant,Gandhinagar,Gandhinagar
Hotel Empyrean,3.6,Very Good,"Gandhinagar, Gandhinagar",4.6 km from city centre,3878,5000,22.4,Gym,Gandhinagar,Gandhinagar
HOTEL CAPITAL GUEST HOUSE,2.7,Average,"Sector 16, Gandhinagar",,3544,4500,21.2,Restaurant,Gandhinagar,Gandhinagar
Opal Club Resort,2.7,Average,"Sector 25, Gandhinagar",,4239,6000,29.4,Swimming Pool,Gandhinagar,Gandhinagar
Hotel Lake City,4.4,Excellent,"Urjanagar 1, Gandhinagar",,1879,3199,41.3,24-hour Room Service,Gandhinagar,Gandhinagar
The Royal Era Hotel,4.0,Very Good,"Sector 16, Gandhinagar",,5322,5999,11.3,Restaurant,Gandhinagar,Gandhinagar
Hotel Parivar,2.8,Average,"G.I.D.C. Estate, Kalol",,900,1300,30.8,24-hour Room Service,Gandhinagar,Gandhinagar
Hotel MH Grand Santej Science city Ahmedabad,3.8,Very Good,"Santej, Kalol",,1730,1999,13.5,24-hour Room Service,Gandhinagar,Gandhinagar
Hotel Ghunghat Inn,3.0,Good,"Sector 17, Gandhinagar",,1558,1800,13.4,24-hour Room Service,Gandhinagar,Gandhinagar
Hotel PR Villa,3.6,Very Good,"Urjanagar 1, Gandhinagar",10.7 km from Gandhinagar District,750,1499,50.0,24-hour Room Service,Gandhinagar,Gandhinagar
Malhaar Resorts,3.6,Very Good,"Vatva, Dahegam",22.4 km from Gandhinagar District,5988,7500,20.2,Spa,Gandhinagar,Gandhinagar
Hotel Nayan Palace,2.7,Average,"Chhatral, Kalol",24.2 km from Gandhinagar District,1151,1500,23.3,24-hour Room Service,Gandhinagar,Gandhinagar
ALOKA CLUB AND RESORT,2.1,Average,"Gandhinagar, Gandhinagar",9.7 km from Gandhinagar District,2560,3000,14.7,Gym,Gandhinagar,Gandhinagar
Hotel Green Park,2.5,Average,"Urjanagar 1, Gandhinagar",11.0 km from Gandhinagar District,2293,3999,42.7,24-hour Room Service,Gandhinagar,Gandhinagar
HOTEL RADHE & GUEST HOUSE,2.2,Average,"Urjanagar 1, Gandhinagar",11.1 km from Gandhinagar District,1203,1800,33.2,24-hour Room Service,Gandhinagar,Gandhinagar
HOTEL PANCH,1.0,Poor,"G.I.D.C. Estate, Kalol",17.5 km from Gandhinagar District,1601,1850,13.5,Restaurant,Gandhinagar,Gandhinagar
Hotel Cobra Inn,1.0,Poor,"Vardhaman Nagar, Kalol",19.0 km from Gandhinagar District,2542,3000,15.3,24-hour Room Service,Gandhinagar,Gandhinagar
Hotel Lemzon Gandhinagar,3.5,Very Good,"Urjanagar 1, Gandhinagar",11.0 km from Gandhinagar District,2722,3199,14.9,24-hour Room Service,Gandhinagar,Gandhinagar
FabHotel Raj villa,3.5,Very Good,"Adalaj, Gandhinagar",15.1 km from Gandhinagar District,1232,2926,57.9,Fireplace,Gandhinagar,Gandhinagar
Hotel Lemon,3.5,Very Good,"Urjanagar 1, Gandhinagar",11.0 km from Gandhinagar District,2541,2999,15.3,24-hour Room Service,Gandhinagar,Gandhinagar
HOTEL VAIBHAV INN,3.5,Very Good,"Sector 16, Gandhinagar",5.2 km from Gandhinagar District,951,1099,13.5,24-hour Room Service,Gandhinagar,Gandhinagar
Hotel Malbourne,3.5,Very Good,"Urjanagar 1, Gandhinagar",11.0 km from Gandhinagar District,1557,1999,22.1,24-hour Room Service,Gandhinagar,Gandhinagar
Hotel Prime Villa,3.5,Very Good,"Chiloda, Gandhinagar",7.3 km from Gandhinagar District,1731,2000,13.4,24-hour Room Service,Gandhinagar,Gandhinagar
Hotel C.M Palace & Guest House,3.5,Very Good,"Chhatral, Kalol",24.6 km from Gandhinagar District,821,945,13.1,Air Conditioning,Gandhinagar,Gandhinagar
hotel avenue sky,3.5,Very Good,"Sarkhej Gandhinagar highway, Ahmedabad",23.2 km from Gandhinagar District,1644,1899,13.4,24-hour Room Service,Gandhinagar,Gandhinagar
Pvr House Second Floor Serenity,3.5,Very Good,"Chandkheda, Ahmedabad",20.5 km from Gandhinagar District,4277,4700,9.0,Air Conditioning,Gandhinagar,Gandhinagar
Jalsa palace in Ahemdabad,3.5,Very Good,"Nava Naroda, Ahmedabad",21.4 km from Gandhinagar District,1010,1200,15.8,Spa,Gandhinagar,Gandhinagar
Hotel Shivaay,3.3,Good,"Chandkheda, Ahmedabad",18.6 km from Gandhinagar District,1039,1200,13.4,24-hour Room Service,Gandhinagar,Gandhinagar
Arristo Resorts & Club,2.3,Average,"Chharodi, Ahmedabad",21.7 km from Gandhinagar District,2413,4599,47.5,Swimming Pool,Gandhinagar,Gandhinagar
Hotel Krishna Palace.,2.6,Average,"GIDC Naroda, Ahmedabad",21.1 km from Gandhinagar District,828,1250,33.8,24-hour Room Service,Gandhinagar,Gandhinagar
FabHotel Green Tree - Inside Urja Complex,3.4,Good,"Acher, Ahmedabad",20.8 km from Gandhinagar District,1225,2927,58.1,Restaurant,Gandhinagar,Gandhinagar
Hotel Season,2.8,Average,"Near Ahmedabad Airport, Ahmedabad",21.7 km from Gandhinagar District,2252,3000,24.9,24-hour Room Service,Gandhinagar,Gandhinagar
Hotel Sparsh Inn,3.8,Very Good,"Chandkheda, Ahmedabad",18.8 km from Gandhinagar District,1676,3100,45.9,Spa,Gandhinagar,Gandhinagar
Narayani Heights,4.0,Very Good,"Bhat, Ahmedabad",18.3 km from Gandhinagar District,3554,5000,28.9,Spa,Gandhinagar,Gandhinagar
Hotel Darshan S.P. Ring Road,3.2,Good,"Nava Naroda, Ahmedabad",20.3 km from Gandhinagar District,1519,4500,66.2,Restaurant,Gandhinagar,Gandhinagar
Treebo The Square,3.0,Good,"Gota, Ahmedabad",23.0 km from Gandhinagar District,1556,3843,59.5,Restaurant,Gandhinagar,Gandhinagar
Apricot Hotel Motera,4.3,Excellent,"Motera, Ahmedabad",19.3 km from Gandhinagar District,2460,5500,55.3,Restaurant,Gandhinagar,Gandhinagar
FabHotel Galaxy I - Inside Sai Avenue,3.0,Good,"Naroda, Ahmedabad",22.0 km from Gandhinagar District,1224,2926,58.2,Fireplace,Gandhinagar,Gandhinagar
FabHotel NY Townhouse,2.3,Average,"Gota, Ahmedabad",23.0 km from Gandhinagar District,1189,2680,55.6,Fireplace,Gandhinagar,Gandhinagar
Hotel Rosewood,3.0,Good,"GIDC Naroda, Ahmedabad",20.4 km from Gandhinagar District,1471,1699,13.4,Luggage Storage,Gandhinagar,Gandhinagar
Hotel Riva Palace,3.9,Very Good,"Ranip, Ahmedabad",24.5 km from Gandhinagar District,1630,2500,34.8,Butler Services,Gandhinagar,Gandhinagar
HOTEL LINCOLN INN Ahmedabad,2.5,Average,"GIDC Naroda, Ahmedabad",18.5 km from Gandhinagar District,1045,1244,16.0,24-hour Room Service,Gandhinagar,Gandhinagar
Hotel Nest pride,3.5,Very Good,"Keshav Nagar, Ahmedabad",24.6 km from Gandhinagar District,1297,1499,13.5,24-hour Room Service,Gandhinagar,Gandhinagar
Hotel Anytime,2.5,Average,"GIDC Naroda, Ahmedabad",19.9 km from Gandhinagar District,1036,1350,23.3,Spa,Gandhinagar,Gandhinagar
Hotel Vishwa Palace,5.0,Excellent,"GIDC Naroda, Ahmedabad",21.3 km from Gandhinagar District,1824,2200,17.1,24-hour Room Service,Gandhinagar,Gandhinagar
Hotel New York,4.0,Very Good,"Hansol, Ahmedabad",21.2 km from Gandhinagar District,2072,2499,17.1,Restaurant,Gandhinagar,Gandhinagar
Collection O Park View,1.3,Poor,"Chandkheda, Ahmedabad",19.9 km from Gandhinagar District,1128,2082,45.8,24-hour Room Service,Gandhinagar,Gandhinagar
Biznotel by Pride Motera,4.3,Excellent,"Motera, Ahmedabad",21.0 km from Gandhinagar District,3500,4375,20.0,Gym,Gandhinagar,Gandhinagar
Hotel Paradise Naroda,3.3,Good,"GIDC Naroda, Ahmedabad",19.3 km from Gandhinagar District,807,1200,32.8,24-hour Room Service,Gandhinagar,Gandhinagar
Hotel Sun Square,3.6,Very Good,"Chandkheda, Ahmedabad",19.8 km from Gandhinagar District,2252,3000,24.9,24-hour Room Service,Gandhinagar,Gandhinagar
Hotel The Grand Crystal,3.4,Good,"Nava Naroda, Ahmedabad",22.4 km from Gandhinagar District,2288,3000,23.7,Spa,Gandhinagar,Gandhinagar
Ibiza Hotels,3.3,Good,"Gota, Ahmedabad",22.6 km from Gandhinagar District,2471,4500,45.1,Swimming Pool,Gandhinagar,Gandhinagar
Hotel Sun View,3.5,Very Good,"Keshav Nagar, Ahmedabad",24.6 km from Gandhinagar District,2135,2800,23.8,24-hour Room Service,Gandhinagar,Gandhinagar
RAMADA BY WYNDHAM NARENDRA MODI STADIUM MOTERA,4.4,Excellent,"Motera, Ahmedabad",21.0 km from Gandhinagar District,5250,5250,0.0,Gym,Gandhinagar,Gandhinagar
In & Out Dormitory,3.4,Good,"Ranip, Ahmedabad",24.8 km from Gandhinagar District,660,850,22.4,Restaurant,Gandhinagar,Gandhinagar
THE HOTEL LEEGRAND INN,3.4,Good,"GIDC Naroda, Ahmedabad",21.2 km from Gandhinagar District,1687,2200,23.3,Elevator/Lift,Gandhinagar,Gandhinagar
Hotel The Era,3.3,Good,"Keshav Nagar, Ahmedabad",24.6 km from Gandhinagar District,1552,2699,42.5,24-hour Room Service,Gandhinagar,Gandhinagar
Hotel Royal Apple,3.6,Very Good,"Naroda, Ahmedabad",21.5 km from Gandhinagar District,1174,1499,21.7,Restaurant,Gandhinagar,Gandhinagar
Hotel Shree Anjani,1.7,Poor,"D Colony, Ahmedabad",24.9 km from Gandhinagar District,2723,3200,14.9,Restaurant,Gandhinagar,Gandhinagar
Hotel Madhur,3.6,Very Good,"Near Ahmedabad Airport, Ahmedabad",21.8 km from Gandhinagar District,1920,2799,31.4,24-hour Room Service,Gandhinagar,Gandhinagar
Hotel Circle Inn,3.1,Good,"Sarkhej Gandhinagar highway, Ahmedabad",20.5 km from Gandhinagar District,2132,3299,35.4,24-hour Room Service,Gandhinagar,Gandhinagar
Hotel Landmark,3.2,Good,"Nana Chiloda, Ahmedabad",17.6 km from Gandhinagar District,1542,1980,22.1,Restaurant,Gandhinagar,Gandhinagar
Hotel krishna Residency,4.0,Very Good,"Prantij, Prantij",15.8 km from Gandhinagar District,905,1100,17.7,24-hour Room Service,Gandhinagar,Gandhinagar
PARAS PALACE,3.0,Good,"Naroda, Ahmedabad",21.6 km from Gandhinagar District,667,1100,39.4,24-hour Room Service,Gandhinagar,Gandhinagar
Hotel Vistara,3.5,Very Good,"Chandkheda, Ahmedabad",18.9 km from Gandhinagar District,2542,3000,15.3,24-hour Room Service,Gandhinagar,Gandhinagar
Hotel German Palace,3.5,Very Good,"Bhat, Ahmedabad",18.4 km from Gandhinagar District,3584,4600,22.1,Restaurant,Gandhinagar,Gandhinagar
Hotel Sai Inn.,2.7,Average,"Near Ahmedabad Airport, Ahmedabad",21.8 km from Gandhinagar District,1002,1399,28.4,24-hour Room Service,Gandhinagar,Gandhinagar
Hotel Pratiksha,3.5,Very Good,"Naroda, Ahmedabad",21.7 km from Gandhinagar District,1638,2000,18.1,24-hour Room Service,Gandhinagar,Gandhinagar
HOTEL RICHIE RICH,3.9,Very Good,"Shahibaug, Ahmedabad",25.1 km from Gandhinagar District,2075,2800,25.9,24-hour Room Service,Gandhinagar,Gandhinagar
Hotel Rolex,2.3,Average,"Nava Naroda, Ahmedabad",22.8 km from Gandhinagar District,2542,3000,15.3,Restaurant,Gandhinagar,Gandhinagar
Hotel Shrimad Ahmedabad,3.1,Good,"Chandkheda, Ahmedabad",19.9 km from Gandhinagar District,1079,2000,46.1,Spa,Gandhinagar,Gandhinagar
Hotel Nova Blue,3.7,Very Good,"Nana Chiloda, Ahmedabad",17.6 km from Gandhinagar District,1414,2000,29.3,Jacuzzi,Gandhinagar,Gandhinagar
Hotel Anushri Villa,4.0,Very Good,"Keshav Nagar, Ahmedabad",24.5 km from Gandhinagar District,1823,2199,17.1,Restaurant,Gandhinagar,Gandhinagar
Hotel Moonlight,3.6,Very Good,"Chandkheda, Ahmedabad",19.8 km from Gandhinagar District,1968,2499,21.2,24-hour Room Service,Gandhinagar,Gandhinagar
Vibes Inn,2.8,Average,"Ahmedabad, Ahmedabad",18.0 km from Gandhinagar District,1824,2200,17.1,24-hour Room Service,Gandhinagar,Gandhinagar
HOTEL ROYAL 24,2.4,Average,"GIDC Naroda, Ahmedabad",20.4 km from Gandhinagar District,2595,4200,38.2,Restaurant,Gandhinagar,Gandhinagar
FabHotel Ratna Palace - Inside Baronet Complex,3.2,Good,"Acher, Ahmedabad",22.2 km from Gandhinagar District,1195,2693,55.6,Restaurant,Gandhinagar,Gandhinagar
Super Hotel O Nana Chiloda Near Airport,3.9,Very Good,"GIDC Naroda, Ahmedabad",17.9 km from Gandhinagar District,956,2434,60.7,24-hour Room Service,Gandhinagar,Gandhinagar
Hotel Krishna Chandkheda,3.2,Good,"Chandkheda, Ahmedabad",20.0 km from Gandhinagar District,25368,50000,49.3,Restaurant,Gandhinagar,Gandhinagar
Hotel The Pacific.,2.9,Average,"Near Ahmedabad Airport, Ahmedabad",21.7 km from Gandhinagar District,1208,1550,22.1,24-hour Room Service,Gandhinagar,Gandhinagar
Hotel Sunstar Inn,3.2,Good,"Chandkheda, Ahmedabad",20.1 km from Gandhinagar District,1171,1660,29.5,24-hour Room Service,Gandhinagar,Gandhinagar
Nisargs home,5.0,Excellent,"Nava Naroda, Ahmedabad",23.2 km from Gandhinagar District,1995,2499,20.2,Free Wi-Fi,Gandhinagar,Gandhinagar
The Ummed Ahmedabad Airport,4.0,Very Good,"Near Ahmedabad Airport, Ahmedabad",21.8 km from Gandhinagar District,4500,5625,20.0,Spa,Gandhinagar,Gandhinagar
Hotel The Crown,1.0,Poor,"GIDC Naroda, Ahmedabad",17.9 km from Gandhinagar District,553,799,30.8,24-hour Room Service,Gandhinagar,Gandhinagar
Collection O Airport Road formerly Hotel Kyra,2.9,Average,"Hansol, Ahmedabad",21.1 km from Gandhinagar District,1308,2414,45.8,24-hour Room Service,Gandhinagar,Gandhinagar
Hotel Silver Inn,4.0,Very Good,"Ahmedabad, Ahmedabad",18.0 km from Gandhinagar District,1558,1800,13.4,24-hour Room Service,Gandhinagar,Gandhinagar
Hotel Avens inn,3.6,Very Good,"Chandkheda, Ahmedabad",18.3 km from Gandhinagar District,1214,1800,32.6,24-hour Room Service,Gandhinagar,Gandhinagar
Hotel Soham Palace,3.5,Very Good,"Naroda, Ahmedabad",21.5 km from Gandhinagar District,1527,2128,28.2,Restaurant,Gandhinagar,Gandhinagar
Hotel Ashray Inn Express,3.8,Very Good,"Near Ahmedabad Airport, Ahmedabad",21.1 km from Gandhinagar District,2894,3250,11.0,Restaurant,Gandhinagar,Gandhinagar
THE GRAND PIANO HOTEL,5.0,Excellent,"GIDC Naroda, Ahmedabad",20.7 km from Gandhinagar District,1331,1800,26.1,24-hour Room Service,Gandhinagar,Gandhinagar
Ginger Ahmedabad,3.5,Very Good,"Old Wadaj, Ahmedabad",24.6 km from Gandhinagar District,1999,1999,0.0,Restaurant,Gandhinagar,Gandhinagar
Hotel Asiana Inn,3.8,Very Good,"Chandkheda, Ahmedabad",19.9 km from Gandhinagar District,3203,4999,35.9,Fireplace,Gandhinagar,Gandhinagar
Hotel Runway inn,3.1,Good,"Near Ahmedabad Airport, Ahmedabad",21.6 km from Gandhinagar District,1294,2200,41.2,24-hour Room Service,Gandhinagar,Gandhinagar
Hotel Om Balaji,2.3,Average,"GIDC Naroda, Ahmedabad",21.0 km from Gandhinagar District,1051,2164,51.4,Restaurant,Gandhinagar,Gandhinagar
Hotel RK Fortune,3.2,Good,"Bhat, Ahmedabad",17.8 km from Gandhinagar District,1643,2000,17.8,24-hour Room Service,Gandhinagar,Gandhinagar
Tandoor Palace Hotel (Nana Chiloda),4.0,Very Good,"Nana Chiloda, Ahmedabad",17.8 km from Gandhinagar District,1824,2200,17.1,Restaurant,Gandhinagar,Gandhinagar
FabExpress Royal Bird,3.2,Good,"Chandlodia, Ahmedabad",24.6 km from Gandhinagar District,1168,2926,60.1,24-hour Room Service,Gandhinagar,Gandhinagar
Hotel Pacific Villa,1.9,Poor,"Khodiyar, Ahmedabad",19.8 km from Gandhinagar District,2219,3000,26.0,Gym,Gandhinagar,Gandhinagar
Hotel Seven,1.7,Poor,"Old Wadaj, Ahmedabad",25.0 km from Gandhinagar District,1039,1200,13.4,Fireplace,Gandhinagar,Gandhinagar
Hotel Kings Residency,3.5,Very Good,"Near Ahmedabad Airport, Ahmedabad",21.7 km from Gandhinagar District,2118,2500,15.3,24-hour Room Service,Gandhinagar,Gandhinagar
Hotel Maan Palace Chandkheda,3.5,Very Good,"Chandkheda, Ahmedabad",20.2 km from Gandhinagar District,971,1400,30.6,Butler Services,Gandhinagar,Gandhinagar
Hotel Marigold Naroda,4.1,Very Good,"Naroda, Ahmedabad",22.6 km from Gandhinagar District,1601,3599,55.5,24-hour Room Service,Gandhinagar,Gandhinagar
Hotel Priya Palace,2.4,Average,"Nana Chiloda, Ahmedabad",18.5 km from Gandhinagar District,1402,1800,22.1,24-hour Room Service,Gandhinagar,Gandhinagar
Hotel Avenue,4.1,Very Good,"Chandkheda, Ahmedabad",18.3 km from Gandhinagar District,1469,1874,21.6,Jacuzzi,Gandhinagar,Gandhinagar
Mango Hotels Tune,3.6,Very Good,"Motera, Ahmedabad",20.4 km from Gandhinagar District,3250,5440,40.3,Restaurant,Gandhinagar,Gandhinagar
Hotel Venus,2.3,Average,"Chandkheda, Ahmedabad",20.3 km from Gandhinagar District,883,1200,26.4,24-hour Room Service,Gandhinagar,Gandhinagar
Hotel Krishna .,3.3,Good,"Near Ahmedabad Airport, Ahmedabad",21.6 km from Gandhinagar District,1547,1699,8.9,Restaurant,Gandhinagar,Gandhinagar
Hotel Premium villa,3.5,Very Good,"Chandkheda, Ahmedabad",18.8 km from Gandhinagar District,1471,1700,13.5,24-hour Room Service,Gandhinagar,Gandhinagar
Comfort Inn Sunset,3.9,Very Good,"Near Ahmedabad Airport, Ahmedabad",22.0 km from Gandhinagar District,4515,5000,9.7,Gym,Gandhinagar,Gandhinagar
Super Collection O Alpha One,3.3,Good,"GIDC Naroda, Ahmedabad",17.9 km from Gandhinagar District,905,1682,46.2,24-hour Room Service,Gandhinagar,Gandhinagar
Hotel Royal Palace Nava naroda,3.5,Very Good,"Nava Naroda, Ahmedabad",22.4 km from Gandhinagar District,1298,1500,13.5,24-hour Room Service,Gandhinagar,Gandhinagar
AB FORTUNE HOTEL,1.3,Poor,"Sabarmati, Ahmedabad",21.6 km from Gandhinagar District,1471,2000,26.4,24-hour Room Service,Gandhinagar,Gandhinagar
Hotel Pacific View,2.3,Average,"Motera, Ahmedabad",19.3 km from Gandhinagar District,1558,1800,13.4,Restaurant,Gandhinagar,Gandhinagar
Hotel Karnavati Palace,2.2,Average,"Nikol, Ahmedabad",24.2 km from Gandhinagar District,1013,1300,22.1,24-hour Room Service,Gandhinagar,Gandhinagar
Hotel HR Fortune,3.5,Very Good,"Chandlodia, Ahmedabad",24.6 km from Gandhinagar District,2118,2500,15.3,24-hour Room Service,Gandhinagar,Gandhinagar
Hotel Sigma Inn,3.7,Very Good,"Chandkheda, Ahmedabad",21.0 km from Gandhinagar District,1710,1800,5.0,24-hour Room Service,Gandhinagar,Gandhinagar
REGENTA Inn Ranip Ahmedabad,3.8,Very Good,"Ranip, Ahmedabad",24.7 km from Gandhinagar District,3612,3995,9.6,Gym,Gandhinagar,Gandhinagar
Hotel Royal Park,3.1,Good,"Motera, Ahmedabad",20.2 km from Gandhinagar District,1013,1800,43.7,24-hour Room Service,Gandhinagar,Gandhinagar
Hotel Ashray Inn,3.9,Very Good,"Old Wadaj, Ahmedabad",25.0 km from Gandhinagar District,2849,3200,11.0,Restaurant,Gandhinagar,Gandhinagar
Hotel Atlanta,2.8,Average,"GIDC Naroda, Ahmedabad",17.8 km from Gandhinagar District,1297,1499,13.5,24-hour Room Service,Gandhinagar,Gandhinagar
Hotel 4 Point,3.6,Very Good,"Bhat, Ahmedabad",17.8 km from Gandhinagar District,2252,4000,43.7,24-hour Room Service,Gandhinagar,Gandhinagar
Hotel Earth Inn,4.7,Excellent,"Keshav Nagar, Ahmedabad",24.7 km from Gandhinagar District,1731,2000,13.4,24-hour Room Service,Gandhinagar,Gandhinagar
hotel new kunj villa,3.8,Very Good,"Acher, Ahmedabad",21.1 km from Gandhinagar District,1385,1600,13.4,Fireplace,Gandhinagar,Gandhinagar
Hotel RJ Residency,3.2,Good,"Near Ahmedabad Airport, Ahmedabad",22.1 km from Gandhinagar District,1503,1950,22.9,24-hour Room Service,Gandhinagar,Gandhinagar
Hotel Tapovan In,2.5,Average,"Chandkheda, Ahmedabad",18.2 km from Gandhinagar District,1298,2000,35.1,Restaurant,Gandhinagar,Gandhinagar
Hotel Radhe Group,3.3,Good,"Chandkheda, Ahmedabad",18.1 km from Gandhinagar District,1558,1800,13.4,Fireplace,Gandhinagar,Gandhinagar
Hotel Gokul,2.9,Average,"Keshav Nagar, Ahmedabad",24.6 km from Gandhinagar District,2288,3000,23.7,24-hour Room Service,Gandhinagar,Gandhinagar
HOTEL GGC INN,2.8,Average,"Chandkheda, Ahmedabad",21.0 km from Gandhinagar District,1175,1800,34.7,Spa,Gandhinagar,Gandhinagar
Hotel Alexa Chandlodiya,3.0,Good,"Chandlodia, Ahmedabad",24.8 km from Gandhinagar District,1990,2400,17.1,24-hour Room Service,Gandhinagar,Gandhinagar
EULOGIA INN,4.1,Very Good,"Sarkhej Gandhinagar highway, Ahmedabad",23.0 km from Gandhinagar District,6038,8000,24.5,Gym,Gandhinagar,Gandhinagar
Hotel Airport Inn One,2.0,Average,"Near Ahmedabad Airport, Ahmedabad",21.9 km from Gandhinagar District,1855,3799,51.2,24-hour Room Service,Gandhinagar,Gandhinagar
Hotel Nilkanth,2.8,Average,"Chandkheda, Ahmedabad",19.1 km from Gandhinagar District,868,999,13.1,Restaurant,Gandhinagar,Gandhinagar
Hotel SS,2.2,Average,"Motera, Ahmedabad",20.2 km from Gandhinagar District,1303,1699,23.3,24-hour Room Service,Gandhinagar,Gandhinagar
HOTEL SILVERA GRAND,3.8,Very Good,"Nava Naroda, Ahmedabad",20.7 km from Gandhinagar District,3790,5999,36.8,24-hour Room Service,Gandhinagar,Gandhinagar
Hotel Lords Inn,3.1,Good,"Nana Chiloda, Ahmedabad",17.6 km from Gandhinagar District,2043,2899,29.5,24-hour Room Service,Gandhinagar,Gandhinagar
Hotel Avadh Palace,3.6,Very Good,"Keshav Nagar, Ahmedabad",24.5 km from Gandhinagar District,1514,3000,49.5,Restaurant,Gandhinagar,Gandhinagar
Hotel Arose,3.5,Very Good,"Nana Chiloda, Ahmedabad",18.2 km from Gandhinagar District,1342,1550,13.4,24-hour Room Service,Gandhinagar,Gandhinagar
Hotel Asiana Sky,3.8,Very Good,"Motera, Ahmedabad",19.3 km from Gandhinagar District,1456,1899,23.3,Jacuzzi,Gandhinagar,Gandhinagar
Hotel Red Blue,3.0,Good,"Naroda, Ahmedabad",22.6 km from Gandhinagar District,2316,2899,20.1,24-hour Room Service,Gandhinagar,Gandhinagar
Hotel Leisure,3.2,Good,"Motera, Ahmedabad",19.5 km from Gandhinagar District,1449,3500,58.6,Restaurant,Gandhinagar,Gandhinagar
FabHotel Max Inn - Inside Himalaya Square,3.5,Very Good,"Naroda, Ahmedabad",21.6 km from Gandhinagar District,1124,2685,58.1,Fireplace,Gandhinagar,Gandhinagar
Hotel Satluj,2.8,Average,"Naroda, Ahmedabad",22.8 km from Gandhinagar District,1727,2100,17.8,24-hour Room Service,Gandhinagar,Gandhinagar
Hotel RK Palace,3.2,Good,"Sarkhej Gandhinagar highway, Ahmedabad",20.4 km from Gandhinagar District,2235,3549,37.0,24-hour Room Service,Gandhinagar,Gandhinagar
Hotel Royal Comfort,4.0,Very Good,"Sabarmati, Ahmedabad",22.9 km from Gandhinagar District,1903,2550,25.4,24-hour Room Service,Gandhinagar,Gandhinagar
Super Hotel O 828256 Hotel Yuvraj,3.5,Very Good,"GIDC Naroda, Ahmedabad",17.9 km from Gandhinagar District,781,1639,52.3,24-hour Room Service,Gandhinagar,Gandhinagar
Hotel green stay,2.5,Average,"Gota, Ahmedabad",22.3 km from Gandhinagar District,2829,3500,19.2,24-hour Room Service,Gandhinagar,Gandhinagar
Hotel Rest Peace Airport,3.0,Good,"Near Ahmedabad Airport, Ahmedabad",21.5 km from Gandhinagar District,2112,2500,15.5,Air Conditioning,Gandhinagar,Gandhinagar
Hotel Anand Lake,4.0,Very Good,"Bhat, Ahmedabad",17.8 km from Gandhinagar District,1553,2250,31.0,24-hour Room Service,Gandhinagar,Gandhinagar
HOTEL ALLEN,2.8,Average,"Sarkhej Gandhinagar highway, Ahmedabad",22.9 km from Gandhinagar District,1731,2000,13.4,24-hour Room Service,Gandhinagar,Gandhinagar
HOTEL CHANDRA PALACE,3.2,Good,"Chandkheda, Ahmedabad",19.2 km from Gandhinagar District,1241,1600,22.4,Bonfire,Gandhinagar,Gandhinagar
Hotel Legacy,3.6,Very Good,"Nana Chiloda, Ahmedabad",17.7 km from Gandhinagar District,1402,1620,13.5,Jacuzzi,Gandhinagar,Gandhinagar
HOTEL FUN REGENCY,1.0,Poor,"Motera, Ahmedabad",19.3 km from Gandhinagar District,2287,2999,23.7,Jacuzzi,Gandhinagar,Gandhinagar
Hotel The Vibrant,2.0,Average,"Sughad, Ahmedabad",16.9 km from Gandhinagar District,1519,1800,15.6,24-hour Room Service,Gandhinagar,Gandhinagar
Keys Select by Lemon Tree Hotels,3.9,Very Good,"Old Wadaj, Ahmedabad",25.0 km from Gandhinagar District,3206,4000,19.8,Restaurant,Gandhinagar,Gandhinagar
Hotel Angel,3.0,Good,"GIDC Naroda, Ahmedabad",19.3 km from Gandhinagar District,1038,1199,13.4,24-hour Room Service,Gandhinagar,Gandhinagar
Hotel Gift City,3.5,Very Good,"Nana Chiloda, Ahmedabad",17.7 km from Gandhinagar District,1635,2099,22.1,24-hour Room Service,Gandhinagar,Gandhinagar
Hotel Midnight,3.7,Very Good,"Sarkhej Gandhinagar highway, Ahmedabad",25.0 km from Gandhinagar District,1304,1700,23.3,24-hour Room Service,Gandhinagar,Gandhinagar
Hotel RR Palace,3.6,Very Good,"Chandkheda, Ahmedabad",18.1 km from Gandhinagar District,1918,2200,12.8,24-hour Room Service,Gandhinagar,Gandhinagar
Hotel Asiana,3.7,Very Good,"Chandkheda, Ahmedabad",19.9 km from Gandhinagar District,1038,1499,30.8,Jacuzzi,Gandhinagar,Gandhinagar
Hotel Dwarkesh,3.2,Good,"Bhat, Ahmedabad",19.3 km from Gandhinagar District,1558,1800,13.4,24-hour Room Service,Gandhinagar,Gandhinagar
Green Park Hotel,3.5,Very Good,"Chandlodia, Ahmedabad",24.8 km from Gandhinagar District,1223,1899,35.6,24-hour Room Service,Gandhinagar,Gandhinagar
Hotel Jaunt Safari,1.5,Poor,"Motera, Ahmedabad",19.2 km from Gandhinagar District,657,900,27.0,24-hour Room Service,Gandhinagar,Gandhinagar
Hotel Phoenix,3.6,Very Good,"Chandkheda, Ahmedabad",18.1 km from Gandhinagar District,1385,1600,13.4,24-hour Room Service,Gandhinagar,Gandhinagar
Hotel Leepark,2.6,Average,"Nava Naroda, Ahmedabad",21.9 km from Gandhinagar District,829,1619,48.8,24-hour Room Service,Gandhinagar,Gandhinagar
The Fern Residency,3.9,Very Good,"Keshav Nagar, Ahmedabad",24.7 km from Gandhinagar District,9036,11812,23.5,Gym,Ahmedabad,Ahmedabad
FabHotel Namantra - Nr. Apollo Circle Sardar Patel Ring Road,3.7,Very Good,"Bhat, Ahmedabad",17.8 km from Gandhinagar District,2041,4877,58.2,Restaurant,Gandhinagar,Gandhinagar
Hotel M Grand,3.5,Very Good,"Nava Naroda, Ahmedabad",21.9 km from Gandhinagar District,1731,2000,13.4,24-hour Room Service,Gandhinagar,Gandhinagar
Hotel Satluj Inn,3.3,Good,"Naroda, Ahmedabad",22.8 km from Gandhinagar District,778,999,22.1,Luggage Storage,Gandhinagar,Gandhinagar
Hotel Home Stay Inn,3.4,Good,"Near Ahmedabad Airport, Ahmedabad",21.9 km from Gandhinagar District,1541,1999,22.9,Restaurant,Gandhinagar,Gandhinagar
Hotel Global Inn,2.7,Average,"GIDC Naroda, Ahmedabad",20.0 km from Gandhinagar District,958,1300,26.3,24-hour Room Service,Gandhinagar,Gandhinagar
Hotel Siddhartha Palace,3.1,Good,"Shahibaug, Ahmedabad",24.8 km from Gandhinagar District,1841,4799,61.6,Restaurant,Gandhinagar,Gandhinagar
Comfort Inn Sapphire Chandkheda Ahmedabad,4.0,Very Good,"Chandkheda, Ahmedabad",18.9 km from Gandhinagar District,2800,3500,20.0,Jacuzzi,Gandhinagar,Gandhinagar
Hotel Airport Plaza,2.4,Average,"Near Ahmedabad Airport, Ahmedabad",21.9 km from Gandhinagar District,1278,3449,62.9,Restaurant,Gandhinagar,Gandhinagar
Hotel Royal Night,2.8,Average,"Old Wadaj, Ahmedabad",25.0 km from Gandhinagar District,1456,1899,23.3,Restaurant,Gandhinagar,Gandhinagar
Hotel Palav Palace,4.0,Very Good,"Naroda, Ahmedabad",22.3 km from Gandhinagar District,1266,1950,35.1,24-hour Room Service,Gandhinagar,Gandhinagar
ama Stays and Trails The Deck,3.5,Very Good,Junagadh,,45000,45000,0.0,Shared Swimming Pool,Girnar,Junagadh
2bhk villa with Jacuzzi bath,4.0,Very Good,Kadiyavad,"9.9 km from ama Stays and Trails The Deck, Girnar Forest, Junagarh",2823,3150,10.4,Air Conditioning,Girnar,Junagadh
The Fern Leo Resort & Club,4.4,Excellent,Mullawada,"7.3 km from ama Stays and Trails The Deck, Girnar Forest, Junagarh",4486,6299,28.8,Spa,Girnar,Junagadh
Hotel Greenland,4.0,Very Good,Junagadh,"4.2 km from ama Stays and Trails The Deck, Girnar Forest, Junagarh",1863,3000,37.9,Restaurant,Girnar,Junagadh
Raghav Farm | Rooms & Pool,4.5,Excellent,Junagadh,,2510,2900,13.4,Shared Swimming Pool,Girnar,Junagadh
HOTEL RAIVAT INN,4.1,Very Good,Kadiyavad,"9.6 km from ama Stays and Trails The Deck, Girnar Forest, Junagarh",1592,2300,30.8,Restaurant,Girnar,Junagadh
Bellevue Sarovar Premiere Junagadh,4.3,Excellent,Mullawada,"8.1 km from ama Stays and Trails The Deck, Girnar Forest, Junagarh",4950,5500,10.0,Spa,Girnar,Junagadh
Hotel Picnic,3.9,Very Good,Talav Gate,"9.3 km from ama Stays and Trails The Deck, Girnar Forest, Junagarh",866,1000,13.4,24-hour Room Service,Girnar,Junagadh
Hotel Madhuvanti,4.0,Very Good,Talav Gate,"9.4 km from ama Stays and Trails The Deck, Girnar Forest, Junagarh",843,1099,23.3,Jungle Safari,Girnar,Junagadh
HOTEL THE GRAND DIPAK,4.5,Excellent,Dolatpara,"5.9 km from ama Stays and Trails The Deck, Girnar Forest, Junagarh",1655,1900,12.9,Restaurant,Girnar,Junagadh
Hotel Harmony,3.9,Very Good,Balotra,"9.1 km from ama Stays and Trails The Deck, Girnar Forest, Junagarh",1259,1700,25.9,Restaurant,Girnar,Junagadh
Hotel Platinum Junagadh,3.3,Good,Talav Gate,"9.5 km from ama Stays and Trails The Deck, Girnar Forest, Junagarh",912,1300,29.8,Fireplace,Girnar,Junagadh
Click Hotel Junagadh,4.3,Excellent,Junagadh,"8.5 km from ama Stays and Trails The Deck, Girnar Forest, Junagarh",3156,6000,47.4,Swimming Pool,Girnar,Junagadh
Hotel Sapphire,3.7,Very Good,Balotra,"9 km from ama Stays and Trails The Deck, Girnar Forest, Junagarh",989,1450,31.8,24-hour Room Service,Girnar,Junagadh
Leela Bizotel,3.5,Very Good,Mullawada,"8.2 km from ama Stays and Trails The Deck, Girnar Forest, Junagarh",1829,2493,26.6,Restaurant,Girnar,Junagadh
The Great Lion,3.2,Good,Dolatpara,"6.7 km from ama Stays and Trails The Deck, Girnar Forest, Junagarh",1784,3000,40.5,Spa,Girnar,Junagadh
Hotel Anand,3.1,Good,Talav Gate,"9.2 km from ama Stays and Trails The Deck, Girnar Forest, Junagarh",937,1350,30.6,24-hour Room Service,Girnar,Junagadh
magnum inn,3.8,Very Good,Dolatpara,"6.9 km from ama Stays and Trails The Deck, Girnar Forest, Junagarh",1455,2200,33.9,Restaurant,Girnar,Junagadh
Hotel Asopalav,4.2,Very Good,Bhavnath,"6 km from ama Stays and Trails The Deck, Girnar Forest, Junagarh",3404,4001,14.9,24-hour Room Service,Girnar,Junagadh
HOTEL THE GRAND MARUTI,4.1,Very Good,Junagadh,"5.6 km from ama Stays and Trails The Deck, Girnar Forest, Junagarh",1883,3000,37.2,Jungle Safari,Girnar,Junagadh
Hotel Maruti,2.8,Average,Balotra,"9 km from ama Stays and Trails The Deck, Girnar Forest, Junagarh",1227,1600,23.3,24-hour Room Service,Girnar,Junagadh
The Lavish Greens Resorts,3.5,Very Good,Junagadh,"5.1 km from ama Stays and Trails The Deck, Girnar Forest, Junagarh",3318,3900,14.9,24-hour Room Service,Girnar,Junagadh
Shiva Deluxe room,3.5,Very Good,Kadiyavad,"9.9 km from ama Stays and Trails The Deck, Girnar Forest, Junagarh",1970,2500,21.2,Air Conditioning,Girnar,Junagadh
Mahadev Resort and Restaurant,3.5,Very Good,Mullawada,"9 km from ama Stays and Trails The Deck, Girnar Forest, Junagarh",2455,3000,18.2,Swimming Pool,Girnar,Junagadh
Hotel Royal Palace,3.5,Very Good,Junagadh,"9.2 km from ama Stays and Trails The Deck, Girnar Forest, Junagarh",2157,2700,20.1,24-hour Room Service,Girnar,Junagadh
The Byke Suraj Club Hotel Junagadh,4.2,Very Good,Gandhi Gram,"10.2 km from ama Stays and Trails The Deck, Girnar Forest, Junagarh",2396,3950,39.3,Gym,Girnar,Junagadh
HOTEL RUDRA,3.9,Very Good,Junagadh,"10.6 km from ama Stays and Trails The Deck, Girnar Forest, Junagarh",1201,2700,55.5,Fireplace,Girnar,Junagadh
Hotel Giriraj,3.5,Very Good,In Vanthli,7.5 km from Junagadh,1471,1700,13.5,Restaurant,Girnar,Junagadh
jash,4.3,Excellent,Mendarda,22.3 km from Junagadh,423,500,15.4,Shared Kitchen,Girnar,Junagadh
Hotel Opera Sasan Gir,4.0,Very Good,Mendarda,23.1 km from Junagadh,1435,2970,51.7,Restaurant,Girnar,Junagadh
WET N WILD WATER PARK AND RESORT,3.6,Very Good,Mendarda,24.9 km from Junagadh,2252,3000,24.9,Restaurant,Girnar,Junagadh
Hotel Greenland,4.0,Very Good,Junagadh,,1863,3000,37.9,Restaurant,Junagadh,Junagadh
The Fern Leo Resort & Club,4.4,Excellent,Mullawada,,4486,6299,28.8,Spa,Junagadh,Junagadh
HOTEL RAIVAT INN,4.1,Very Good,Kadiyavad,,2438,3800,35.8,Restaurant,Junagadh,Junagadh
Bellevue Sarovar Premiere Junagadh,4.3,Excellent,Mullawada,,4950,5500,10.0,Spa,Junagadh,Junagadh
Hotel Harmony,3.9,Very Good,Balotra,"9 km from ama Stays and Trails The Deck, Girnar Forest, Junagarh",1259,1700,25.9,Restaurant,Junagadh,Junagadh
Hotel Madhuvanti,4.0,Very Good,Talav Gate,,843,1099,23.3,Jungle Safari,Junagadh,Junagadh
The Byke Suraj Club Hotel Junagadh,4.2,Very Good,Gandhi Gram,"10.2 km from ama Stays and Trails The Deck, Girnar Forest, Junagarh",2263,3950,42.7,Gym,Junagadh,Junagadh
Click Hotel Junagadh,4.3,Excellent,Junagadh,,3156,6000,47.4,Swimming Pool,Junagadh,Junagadh
Hotel Sapphire,3.7,Very Good,Balotra,990 m drive to Junagadh Junction Railway Station,989,1450,31.8,24-hour Room Service,Junagadh,Junagadh
Raghav Farm | Rooms & Pool,4.5,Excellent,Junagadh,,2510,2900,13.4,Shared Swimming Pool,Junagadh,Junagadh
Hotel Picnic,3.9,Very Good,Talav Gate,,866,1000,13.4,24-hour Room Service,Junagadh,Junagadh
HOTEL RUDRA,3.9,Very Good,Junagadh,,1201,2700,55.5,Fireplace,Junagadh,Junagadh
Leela Bizotel,3.5,Very Good,Mullawada,,1829,2493,26.6,Restaurant,Junagadh,Junagadh
Shiva Deluxe room,3.5,Very Good,Kadiyavad,,1970,2500,21.2,Air Conditioning,Junagadh,Junagadh
magnum inn,3.8,Very Good,Dolatpara,,1455,2200,33.9,Restaurant,Junagadh,Junagadh
HOTEL THE GRAND DIPAK,4.5,Excellent,Dolatpara,,1655,1900,12.9,Restaurant,Junagadh,Junagadh
2bhk villa with Jacuzzi bath,4.0,Very Good,Kadiyavad,,2823,3150,10.4,Air Conditioning,Junagadh,Junagadh
Hotel Asopalav,4.2,Very Good,Bhavnath,"6 km from ama Stays and Trails The Deck, Girnar Forest, Junagarh",2372,2800,15.3,24-hour Room Service,Junagadh,Junagadh
The Great Lion,3.2,Good,Dolatpara,,1784,3000,40.5,Spa,Junagadh,Junagadh
HOTEL THE GRAND MARUTI,4.1,Very Good,Junagadh,,1883,3000,37.2,Jungle Safari,Junagadh,Junagadh
ama Stays and Trails The Deck,3.5,Very Good,Junagadh,,45000,45000,0.0,Shared Swimming Pool,Junagadh,Junagadh
The Lavish Greens Resorts,3.5,Very Good,Junagadh,,3318,3900,14.9,24-hour Room Service,Junagadh,Junagadh
Mahadev Resort and Restaurant,3.5,Very Good,Mullawada,,2455,3000,18.2,Swimming Pool,Junagadh,Junagadh
Hotel Anand,3.1,Good,Talav Gate,,937,1350,30.6,24-hour Room Service,Junagadh,Junagadh
Hotel Royal Palace,3.5,Very Good,Junagadh,,2157,2700,20.1,24-hour Room Service,Junagadh,Junagadh
Hotel Maruti,2.8,Average,Balotra,"9 km from ama Stays and Trails The Deck, Girnar Forest, Junagarh",1227,1600,23.3,24-hour Room Service,Junagadh,Junagadh
Hotel Giriraj,3.5,Very Good,In Vanthli,7.5 km from Junagadh,1471,1700,13.5,Restaurant,Junagadh,Junagadh
jash,4.3,Excellent,Mendarda,22.3 km from Junagadh,423,500,15.4,Shared Kitchen,Junagadh,Junagadh
Hotel Opera Sasan Gir,4.0,Very Good,Mendarda,23.1 km from Junagadh,1435,2970,51.7,Restaurant,Junagadh,Junagadh
WET N WILD WATER PARK AND RESORT,3.6,Very Good,Mendarda,24.9 km from Junagadh,2252,3000,24.9,Restaurant,Junagadh,Junagadh
Praveg Resort Dholavira,4.4,Excellent,"Dholavira, Rann of Kutch",,5304,10599,50.0,Restaurant,Kutch,Kachchh
Hotel Prince,3.9,Very Good,"Lal Tekri, Bhuj",4.8 km drive to Bhuj Airport (BHJ),2350,5500,57.3,Gym,Kutch,Kachchh
Beetle Smartotels,4.1,Very Good,"Bandar Rd, Mundra",,2293,3500,34.5,Swimming Pool,Kutch,Kachchh
The Neemaya,4.2,Very Good,"Gandhidham, Gandhidham",About a minute walk to Gandhidham Bus Station,2195,2700,18.7,Spa,Kutch,Kachchh
Hotel Kalash,3.3,Good,"Gala Nagar, Mandvi Kutch",,1488,2000,25.6,Restaurant,Kutch,Kachchh
Hotel Shiv International,3.9,Very Good,"Ramwadi, Bhachau",930 m drive to Bhachau Bg Railway Station,1663,3500,52.5,Restaurant,Kutch,Kachchh
HOTEL DESERT INN,3.1,Good,"Old Dhatia Falia, Bhuj",4.8 km drive to Bhuj Airport (BHJ),1214,2188,44.5,24-hour Room Service,Kutch,Kachchh
The Fern Royal Farm Resort Anjar,4.1,Very Good,"Ratatalav, Gandhidham",,3204,5501,41.8,Spa,Kutch,Kachchh
SURKHAB RANN RESORT,3.8,Very Good,"Gorewali, Bhuj",78.5 km from city centre,1530,1990,23.1,Restaurant,Kutch,Kachchh
Evoke Dholavira Kutch,4.2,Very Good,"Dholavira, Rann of Kutch",,6042,8750,30.9,Shared Swimming Pool,Kutch,Kachchh
RYAN RESORT,3.3,Good,"Airport Ring Rd, Bhuj",4.0 km drive to Bhuj Airport (BHJ),4775,6000,20.4,Jacuzzi,Kutch,Kachchh
Shiv Hotel,3.6,Very Good,"Old Dhatia Falia, Bhuj",4.1 km drive to Bhuj Airport (BHJ),1710,1999,14.5,Restaurant,Kutch,Kachchh
Radisson Hotel Kandla,4.4,Excellent,"Gandhidham, Gandhidham",3.6 km drive to Kandla Airport,5799,5799,0.0,Spa,Kutch,Kachchh
Dream Resort,4.0,Very Good,"Bhujodi, Bhuj",10.6 km from city centre,2303,3200,28.0,Swimming Pool,Kutch,Kachchh
The Shiv Grand,4.0,Very Good,"Sector 8, Gandhidham",8.4 km drive to Kandla Airport,3010,3800,20.8,Gym,Kutch,Kachchh
White Rann - The Tent City,4.3,Excellent,"Dholavira, Rann of Kutch",,8809,12000,26.6,Air Conditioning,Kutch,Kachchh
Hotel Nest,4.2,Very Good,"Odhav Vandana II, Bhuj",1.3 km drive to Bhuj Airport (BHJ),2303,3200,28.0,24-hour Room Service,Kutch,Kachchh
Hotel Shiva Club and Resort,3.7,Very Good,"Nanakpaya, Mundra",,1229,2100,41.5,Spa,Kutch,Kachchh
Ramee The Srinivas Palace,4.3,Excellent,"Bhuj, Bhuj",,6945,9000,22.8,Air Conditioning,Kutch,Kachchh
Hotel Kutch Desert,3.3,Good,"Madhapar, Bhuj",9.1 km drive to Bhuj Airport (BHJ),1828,2500,26.9,Jacuzzi,Kutch,Kachchh
Hotel Navkar Residency,3.4,Good,"Lal Tekri, Bhuj",5.5 km drive to Bhuj Airport (BHJ),2184,2500,12.6,24-hour Room Service,Kutch,Kachchh
Hotel Relish,2.8,Average,"Nakhtarana, Nakhtarana",,1625,1899,14.4,Restaurant,Kutch,Kachchh
HOTEL FLAMINGO,3.7,Very Good,"Ward 12A, Gandhidham",4 minutes walk to Kandla Railway Station,1326,1550,14.5,24-hour Room Service,Kutch,Kachchh
HARI OM RESIDENCY,4.1,Very Good,"Ghanshyam Nagar, Bhuj",4.5 km drive to Bhuj Airport (BHJ),1463,2500,41.5,24-hour Room Service,Kutch,Kachchh
The Shiv Regency,3.8,Very Good,"Ward 12A, Gandhidham",8.9 km drive to Kandla Airport,2138,3300,35.2,Restaurant,Kutch,Kachchh
HOTEL SHIVAM,3.3,Good,"Sector 1A, Gandhidham",7.8 km drive to Kandla Airport,1488,1739,14.4,Kitchenette,Kutch,Kachchh
DAZE OFF STUDIO HOUSE | Wi-Fi & Lawn,4.7,Excellent,"Shivnagar, Bhuj",,2607,3000,13.1,Caretaker,Kutch,Kachchh
Ramada by Wyndham Gandhidham Shinay,4.4,Excellent,"Gandhidham, Gandhidham",,5355,5355,0.0,Spa,Kutch,Kachchh
White Land Village Stay,4.2,Very Good,"Gorewali, Bhuj",,2817,5900,52.3,Bonfire,Kutch,Kachchh
HOTEL ORCHID,3.4,Good,"Gandhidham, Gandhidham",8.5 km drive to Kandla Airport,1312,3500,62.5,24-hour Room Service,Kutch,Kachchh
Hotel Raj Mahel,3.6,Very Good,"Old Dhatia Falia, Bhuj",4.7 km drive to Bhuj Airport (BHJ),1147,1800,36.3,Indoor Games,Kutch,Kachchh
Rann Home Stay Resort,4.0,Very Good,"Gorewali, Bhuj",76.1 km from city centre,4428,5000,11.4,Restaurant,Kutch,Kachchh
Hotel Grand Ambience,3.2,Good,"Gopalpuri, Gandhidham",8.4 km drive to Kandla Airport,1159,1700,31.8,24-hour Room Service,Kutch,Kachchh
WHITE RANN CAMP RANN OF KUTCH,3.5,Very Good,"Bhuj, Bhuj",,5826,7450,21.8,24-hour Room Service,Kutch,Kachchh
Holiday Resort & Spa (A Unit of S. Poddar Group),4.2,Very Good,"Meghpar Borichi, Gandhidham",4.2 km drive to Kandla Airport,4280,5600,23.6,Spa,Kutch,Kachchh
Lords Eco Inn Gandhidham,3.6,Very Good,"Gandhidham, Gandhidham",7.7 km drive to Kandla Airport,3150,3150,0.0,24-hour Room Service,Kutch,Kachchh
The Fern Residency Mundra,4.2,Very Good,"Nanakpaya, Mundra",,3811,8249,53.8,Swimming Pool,Kutch,Kachchh
Hotel Shyam Palace,3.9,Very Good,"Madhapar, Bhuj",9.5 km drive to Bhuj Airport (BHJ),1693,2800,39.5,Spa,Kutch,Kachchh
LA CASA DE RANN,4.2,Very Good,"Uma Nagar, Bhuj",6.7 km drive to Bhuj Airport (BHJ),3538,4500,21.4,Restaurant,Kutch,Kachchh
Hotel Aarti International,2.9,Average,"Ward 12A, Gandhidham",8 minutes walk to Kandla Railway Station,2358,2699,12.6,Restaurant,Kutch,Kachchh
Shakti hostel&hotel,2.7,Average,"Bhuj, Bhuj",6.3 km drive to Bhuj Airport (BHJ),1283,1500,14.5,24-hour Room Service,Kutch,Kachchh
Praveg White Rann Resort Rann Utsav Dhordo,3.7,Very Good,"Dhordo, Bhuj",1.2 km drive to Rann Utsav Venue,7043,13999,49.7,Bonfire,Kutch,Kachchh
Family Homestay Kutch,3.7,Very Good,"Gorewali, Bhuj",,2890,3500,17.4,Lawn,Kutch,Kachchh
Hotel Happy Inn,3.6,Very Good,"Sector 1A, Gandhidham",7.6 km drive to Kandla Airport,1198,2000,40.1,24-hour Room Service,Kutch,Kachchh
Hotel Surbhi.,3.3,Good,"Nanakpaya, Mundra",,2118,4649,54.4,Swimming Pool,Kutch,Kachchh
Hotel Viraj- Residency,3.3,Good,"Vardhman Nagar, Bhuj",,2476,3500,29.3,Kids Play Area,Kutch,Kachchh
Hotel Centre Point,3.9,Very Good,"Nanakpaya, Mundra",,1384,1800,23.1,Spa,Kutch,Kachchh
Amrutiya Farmview Suit,4.8,Excellent,"Bhuj, Bhuj",,1690,3000,43.7,Shared Swimming Pool,Kutch,Kachchh
Hotel JB Star,4.2,Very Good,"Swamiji Sheri, Mandvi Kutch",,1023,1500,31.8,Restaurant,Kutch,Kachchh
STAYGURU USHA RESIDENCY,3.4,Good,"Vijay Nagar, Bhuj",5.7 km drive to Bhuj Airport (BHJ),3692,5500,32.9,24-hour Room Service,Kutch,Kachchh
THE KUTCHH COURTYARD,4.9,Excellent,"Bhujodi, Bhuj",9.2 km from city centre,6980,10700,34.8,Lawn,Kutch,Kachchh
Hotel Atithi,3.4,Good,"Madhapar, Bhuj",9.5 km drive to Bhuj Airport (BHJ),1333,2300,42.0,24-hour Room Service,Kutch,Kachchh
Click Hotel Mundra,4.4,Excellent,"Nanakpaya, Mundra",,2635,3100,15.0,Restaurant,Kutch,Kachchh
The Village Resort Mandvi,3.9,Very Good,"Talwana, Mandvi Kutch",,2493,2800,11.0,Swimming Pool,Kutch,Kachchh
Hotel Kutch Palace,3.6,Very Good,"Nilkanth Nagar, Bhuj",3.0 km drive to Bhuj Airport (BHJ),1939,2500,22.4,24-hour Room Service,Kutch,Kachchh
Hotel Prince Residency.,3.6,Very Good,"Airport Ring Rd, Bhuj",7.7 km drive to Bhuj Airport (BHJ),3354,8000,58.1,Restaurant,Kutch,Kachchh
Ambar Sarovar Portico,3.7,Very Good,"Sector 8, Gandhidham",7.9 km drive to Kandla Airport,4500,5000,10.0,Spa,Kutch,Kachchh
HARAPPAN HOMESTAY&RESTAURANT,4.0,Very Good,"Rann of Kutch, Rann of Kutch",,4495,5000,10.1,24-hour Room Service,Kutch,Kachchh
Hotel Jai residency,3.6,Very Good,"Ward 12A, Gandhidham",9 minutes walk to Kandla Railway Station,2279,2899,21.4,Restaurant,Kutch,Kachchh
Hotel Seven Spice,2.8,Average,"Sector 1A, Gandhidham",7.6 km drive to Kandla Airport,1544,1900,18.7,24-hour Room Service,Kutch,Kachchh
Tree Top Residency,3.7,Very Good,"Madhapar, Bhuj",8.9 km drive to Bhuj Airport (BHJ),1625,1900,14.5,Swimming Pool,Kutch,Kachchh
SHYAM HOMESTAY,4.1,Very Good,"Shreeji Nagar, Bhuj",,2712,3649,25.7,Caretaker,Kutch,Kachchh
HOTEL SAHARA PALACE,3.1,Good,"Ghanshyam Nagar, Bhuj",4.7 km drive to Bhuj Airport (BHJ),1188,1550,23.4,Restaurant,Kutch,Kachchh
HILL VIEW RESORT,4.2,Very Good,"Uma Nagar, Bhuj",5.3 km drive to Bhuj Airport (BHJ),6640,7499,11.5,Swimming Pool,Kutch,Kachchh
Renest Gandhidham,3.7,Very Good,"Sector 8, Gandhidham",8.1 km drive to Kandla Airport,3672,4590,20.0,Spa,Kutch,Kachchh
Rann Rajvi Homestay,3.6,Very Good,"Gorewali, Bhuj",75.8 km from city centre,2873,3500,17.9,24-hour Room Service,Kutch,Kachchh
Rann Resort Dholavira,3.9,Very Good,"Dholavira, Rann of Kutch",,5775,6800,15.1,24-hour Room Service,Kutch,Kachchh
The Village Resort,3.8,Very Good,"Nanakpaya, Mundra",,3123,4050,22.9,Swimming Pool,Kutch,Kachchh
Hotel Ocean Residency,3.4,Good,"Mandvi Kutch, Mandvi Kutch",,1711,2000,14.4,Fireplace,Kutch,Kachchh
HOTEL THE DEVRAJ PALACE,3.5,Very Good,"Bhuj, Bhuj",About a minute walk to Bhuj Railway Station,6199,7000,11.4,Private Beach,Kutch,Kachchh
VRP Guest House,3.1,Good,"Ghanshyam Nagar, Bhuj",4.6 km drive to Bhuj Airport (BHJ),462,540,14.4,Luggage Storage,Kutch,Kachchh
Palace Beach Camp Resort,4.1,Very Good,"Mandvi Beach, Mandvi Kutch",,5872,9000,34.8,Private Beach,Kutch,Kachchh
Hotel Empire,3.2,Good,"Ward 9AF, Gandhidham",5.3 km drive to Kandla Airport,1306,1500,12.9,Restaurant,Kutch,Kachchh
The Fern Residency,4.0,Very Good,"Madhapar, Bhuj",9.4 km drive to Bhuj Airport (BHJ),6422,8777,26.8,Spa,Kutch,Kachchh
The Presidential Suites,3.2,Good,"Bhuj, Bhuj",6.1 km drive to Bhuj Airport (BHJ),3114,5750,45.8,24-hour Room Service,Kutch,Kachchh
Swamira'hut,3.4,Good,"Bhuj, Bhuj",,3272,3900,16.1,Living Room,Kutch,Kachchh
Rann Niwas Village Stay,5.0,Excellent,"Hodka, Bhuj",62.6 km from city centre,3520,4000,12.0,24-hour Room Service,Kutch,Kachchh
Serena Beach Resort,4.1,Very Good,"Mota Salaya, Mandvi Kutch",,7976,9000,11.4,Spa,Kutch,Kachchh
HOTEL N K,3.3,Good,"Vijay Nagar, Bhuj",6.4 km drive to Bhuj Airport (BHJ),1027,1200,14.4,Butler Services,Kutch,Kachchh
Ks VILLA BELLA,4.2,Very Good,"Bhuj, Bhuj",,3635,4000,9.1,Caretaker,Kutch,Kachchh
Hotel Avenue Plaza,4.5,Excellent,"Nanakpaya, Mundra",,1533,2499,38.7,Restaurant,Kutch,Kachchh
Amrutbagh Resort | Rooms in Boutique Stay,3.3,Good,"Bhachau, Bhachau",,2517,5000,49.7,Shared Swimming Pool,Kutch,Kachchh
WOODEN HERITAGE VILLA,4.7,Excellent,"Bhuj, Bhuj",,3626,4880,25.7,Air Conditioning,Kutch,Kachchh
The Palm Resort,3.7,Very Good,"Mandvi Beach, Mandvi Kutch",,4363,5800,24.8,Bonfire,Kutch,Kachchh
StayGuru The Heaven Resort,3.9,Very Good,"Dholavira, Rann of Kutch",,6194,6900,10.2,24-hour Room Service,Kutch,Kachchh
Rann Kandhi Resort,3.9,Very Good,"Gorewali, Bhuj",76.5 km from city centre,3126,6600,52.6,Restaurant,Kutch,Kachchh
Rann Chandni,4.1,Very Good,"Hodka, Bhuj",62.8 km from city centre,5412,7200,24.8,Bonfire,Kutch,Kachchh
hotel prashant international,3.2,Good,"Ward 12A, Gandhidham",8.5 km drive to Kandla Airport,1788,2200,18.7,24-hour Room Service,Kutch,Kachchh
Sun Inn,3.0,Good,"Mandvi Kutch, Mandvi Kutch",,2389,2900,17.6,Spa,Kutch,Kachchh
Kutir Craft Village Resort,4.6,Excellent,"Hodka, Bhuj",62.3 km from city centre,3695,4200,12.0,Restaurant,Kutch,Kachchh
Natures Nest,4.3,Excellent,"Airport Ring Rd, Bhuj",,3445,4500,23.4,Kitchenette,Kutch,Kachchh
Dharani Village Resort,4.2,Very Good,"Hodka, Bhuj",62.5 km from city centre,3562,5500,35.2,24-hour Room Service,Kutch,Kachchh
Ram Rann Resort,3.9,Very Good,"Dholavira, Rann of Kutch",,5560,6500,14.5,Restaurant,Kutch,Kachchh
City Plaza Hotel,2.5,Average,"Sector 1A, Gandhidham",7.7 km drive to Kandla Airport,1967,2300,14.5,Restaurant,Kutch,Kachchh
Ranjan Vadi,3.5,Very Good,"Bhuj, Bhuj",8.5 km drive to Bhuj Airport (BHJ),1771,2300,23.0,24-hour Room Service,Kutch,Kachchh
HOTEL M PORT,4.2,Very Good,"Nanakpaya, Mundra",,1600,3000,46.7,24-hour Room Service,Kutch,Kachchh
Royal Guest House,4.1,Very Good,"Old Dhatia Falia, Bhuj",5.2 km drive to Bhuj Airport (BHJ),1283,1500,14.5,Lounge,Kutch,Kachchh
Kutch Classic Resort Camp,4.1,Very Good,"Gorewali, Bhuj",74.7 km from city centre,4638,5200,10.8,24-hour Room Service,Kutch,Kachchh
HOTEL SHIV RESIDENCY,4.1,Very Good,"Old Dhatia Falia, Bhuj",5.0 km drive to Bhuj Airport (BHJ),1882,2200,14.5,24-hour Room Service,Kutch,Kachchh
Vijay Vilas Heritage Resort,3.7,Very Good,"Mandvi Beach, Mandvi Kutch",,6376,7200,11.4,Private Beach,Kutch,Kachchh
Hotel Bhaguji,1.8,Poor,"Madhapar, Bhuj",9.5 km drive to Bhuj Airport (BHJ),1711,2000,14.4,Free Wi-Fi,Kutch,Kachchh
Hotel Vishwas,3.4,Good,"Gandhidham, Gandhidham",About a minute walk to Gandhidham Bus Station,1198,1400,14.4,24-hour Room Service,Kutch,Kachchh
HOTEL KUTCH HERITAGE,3.6,Very Good,"Airport Ring Rd, Bhuj",4.2 km drive to Bhuj Airport (BHJ),1711,2000,14.4,Restaurant,Kutch,Kachchh
Hotel Shiv Lake,3.2,Good,"Old Dhatia Falia, Bhuj",4.1 km drive to Bhuj Airport (BHJ),3931,4500,12.6,24-hour Room Service,Kutch,Kachchh
SHILPGRAM FARM STAY AND RESORT,3.2,Good,"Kukma, Bhuj",11.8 km from city centre,1155,1500,23.0,Indoor Games,Kutch,Kachchh
shreeju regency,4.5,Excellent,"Anjar, Gandhidham",8 minutes walk to Anjar Railway Station,1433,1675,14.4,Restaurant,Kutch,Kachchh
Hotel Hastik,5.0,Excellent,"Bhuj, Bhuj",23.6 km from city centre,1413,2241,36.9,Butler Services,Kutch,Kachchh
Luxurious 3 BHK Villa In Bhuj Shivani Homestay,4.5,Excellent,"Bhuj, Bhuj",,7178,7989,10.2,Free Wi-Fi,Kutch,Kachchh
Hotel BhujView,2.8,Average,"Madhapar, Bhuj",9.7 km drive to Bhuj Airport (BHJ),1625,1900,14.5,24-hour Room Service,Kutch,Kachchh
Hotel Aarti.,2.5,Average,"Ward 12A, Gandhidham",5 minutes walk to Kandla Railway Station,1453,1699,14.5,24-hour Room Service,Kutch,Kachchh
Heritage Resort Dholavira,3.6,Very Good,"Dholavira, Rann of Kutch",,6476,11250,42.4,24-hour Room Service,Kutch,Kachchh
Rann Heritage Resort,3.7,Very Good,"Bhuj, Bhuj",1.5 km drive to Rann Utsav Venue,5756,6500,11.4,24-hour Room Service,Kutch,Kachchh
Shree Ramkrupa Party Plot & Resort,2.8,Average,"Gandhidham, Gandhidham",,3586,4000,10.4,Swimming Pool,Kutch,Kachchh
Mahefeel E Rann Resort,4.2,Very Good,"Hodka, Bhuj",62.7 km from city centre,3772,4200,10.2,24-hour Room Service,Kutch,Kachchh
GREAT RANN RESORT,3.2,Good,"Dhordo, Bhuj",,6253,7500,16.6,Caretaker,Kutch,Kachchh
Kiaayo Resort White Rann of Kutch,4.1,Very Good,"Dhrobana, Bhuj",82.8 km from city centre,4463,7200,38.0,24-hour Room Service,Kutch,Kachchh
HOTEL ICON INN,4.5,Excellent,"Mundra, Mundra",,3598,5000,28.0,Restaurant,Kutch,Kachchh
PRIDE ROCK RESORT,4.1,Very Good,"Godpar, Bhuj",22.4 km from city centre,2879,4000,28.0,Restaurant,Kutch,Kachchh
JP RESORT,4.3,Excellent,"Umiya Nagar, Nakhtarana",,3931,4500,12.6,Restaurant,Kutch,Kachchh
Kutch Yatra,3.9,Very Good,"Bhuj, Bhuj",,8521,10000,14.8,Housekeeping,Kutch,Kachchh
Prag View Heritage Homestay,4.2,Very Good,"Old Dhatia Falia, Bhuj",3.7 km drive to Bhuj Airport (BHJ),2937,3500,16.1,Bonfire,Kutch,Kachchh
HAPPY HOME,4.3,Excellent,"Bhuj, Bhuj",4.0 km drive to Bhuj Airport (BHJ),2502,3000,16.6,Kitchenette,Kutch,Kachchh
HV Beach Hotel,3.1,Good,"Mandvi Beach, Mandvi Kutch",,4773,7700,38.0,Restaurant,Kutch,Kachchh
Shree Manav Residency,3.5,Very Good,"Anjar, Gandhidham",10 minutes walk to Anjar Railway Station,4782,5400,11.4,Gym,Kutch,Kachchh
Hotel Om Palace,3.6,Very Good,"Gala Nagar, Mandvi Kutch",,1023,1500,31.8,Restaurant,Kutch,Kachchh
Infinity Resorts Rann of Kutch,3.9,Very Good,"Nani Aral, Nakhtarana",,4775,6000,20.4,Swimming Pool,Kutch,Kachchh
HOTEL MUNDRA INN,3.3,Good,"Nanakpaya, Mundra",,2533,2900,12.7,Restaurant,Kutch,Kachchh
Eraya Villa Bhuj,5.0,Excellent,"Bhuj, Bhuj",13.7 km from city centre,16319,18500,11.8,Caretaker,Kutch,Kachchh
Hotel Shree Maruti,3.7,Very Good,"Sector 8, Gandhidham",8.2 km drive to Kandla Airport,1711,2000,14.4,Restaurant,Kutch,Kachchh
Hotel White Desert,3.4,Good,"Airport Ring Rd, Bhuj",4.2 km drive to Bhuj Airport (BHJ),1500,2200,31.8,Spa,Kutch,Kachchh
Rann Dharti Homestay,5.0,Excellent,"Hodka, Bhuj",62.2 km from city centre,2873,3500,17.9,Shared Parking,Kutch,Kachchh
Hotel Anjali Palace,3.5,Very Good,"Vijay Nagar, Bhuj",6.3 km drive to Bhuj Airport (BHJ),3712,5000,25.8,24-hour Room Service,Kutch,Kachchh
ANNPURNA GUEST HOUSE,3.9,Very Good,"Old Dhatia Falia, Bhuj",4.4 km drive to Bhuj Airport (BHJ),1189,3450,65.5,Restaurant,Kutch,Kachchh
Fun N Food,3.3,Good,"Sector 8, Gandhidham",8.3 km drive to Kandla Airport,3319,3800,12.7,Restaurant,Kutch,Kachchh
Hotel Bansidhar Palace,2.6,Average,"Nanakpaya, Mundra",,1625,2000,18.8,24-hour Room Service,Kutch,Kachchh
Always welcome home stay,4.1,Very Good,"Gorewali, Bhuj",76.3 km from city centre,3657,4600,20.5,Private Living Room,Kutch,Kachchh
Hotel P.B. International,3.2,Good,"Gandhidham, Gandhidham",7.8 km drive to Kandla Airport,1309,1800,27.3,Swimming Pool,Kutch,Kachchh
Hotel Happy Stay,3.1,Good,"Gandhidham, Gandhidham",8.5 km drive to Kandla Airport,1668,1950,14.5,24-hour Room Service,Kutch,Kachchh
White Desert Camp,3.4,Good,"Gorewali, Bhuj",75.5 km from city centre,4276,9600,55.5,24-hour Room Service,Kutch,Kachchh
Hotel Kutch Elegance,3.5,Very Good,"Madhapar, Bhuj",8.6 km drive to Bhuj Airport (BHJ),2447,4000,38.8,Restaurant,Kutch,Kachchh
StayVista at Desert Palms,4.0,Very Good,"Gandhidham, Gandhidham",,7694,10575,27.2,Swimming Pool,Kutch,Kachchh
SAGAR GUEST HOUSE,2.3,Average,"Ghanshyam Nagar, Bhuj",4.5 km drive to Bhuj Airport (BHJ),941,1100,14.5,Lounge,Kutch,Kachchh
Chitrakoot Residency,5.0,Excellent,"Mundra, Mundra",,1738,3000,42.1,Restaurant,Kutch,Kachchh
Stay Guru Holiday White Rann Camp,3.5,Very Good,"Gorewali, Bhuj",75.4 km from city centre,4782,6000,20.3,24-hour Room Service,Kutch,Kachchh
BANNI VILLAGE STAY,4.5,Excellent,"Hodka, Bhuj",62.6 km from city centre,2639,2999,12.0,Bonfire,Kutch,Kachchh
Hotel Zarna,3.1,Good,"Nanakpaya, Mundra",,4285,4999,14.3,Restaurant,Kutch,Kachchh
Om Villa - 2BHK Entire Home Stay,4.0,Very Good,"Mandvi Kutch, Mandvi Kutch",Special discount of â‚¹530 applied. Valid for first 5 bookings of this property,1970,2500,21.2,Private Kitchen,Kutch,Kachchh
THE ROYAL RIVIERA,4.0,Very Good,"Bhuj, Bhuj",3.8 km drive to Bhuj Airport (BHJ),6289,8000,21.4,Bonfire,Kutch,Kachchh
Rann Riders Resort,4.0,Very Good,"Rann of Kutch, Rann of Kutch",Special discount of â‚¹850 applied. Valid for first 5 bookings of this property,4150,5000,17.0,Air Conditioning,Kutch,Kachchh
HODKA - ZEEL RESORT,3.8,Very Good,"Hodka, Bhuj",62.9 km from city centre,4324,5500,21.4,24-hour Room Service,Kutch,Kachchh
HeArt of Kutch,3.7,Very Good,"Hodka, Bhuj",,3524,4200,16.1,24-hour Room Service,Kutch,Kachchh
Hotel Z Plus,3.3,Good,"Nanakpaya, Mundra",,5313,6000,11.5,Restaurant,Kutch,Kachchh
Ajanta Hotel and Party Plots,2.4,Average,"Gandhidham, Gandhidham",5.7 km drive to Kandla Airport,941,1100,14.5,24-hour Room Service,Kutch,Kachchh
Hote Aaram,3.2,Good,"Gala Nagar, Mandvi Kutch",,1449,2500,42.0,24-hour Room Service,Kutch,Kachchh
Riddhi Siddhi Villa,3.0,Good,"Bhuj, Bhuj",17.3 km from city centre,7498,8500,11.8,Air Conditioning,Kutch,Kachchh
Hotel Shiv Regency,3.0,Good,"Kukma, Bhuj",6 minutes walk to Kukma Railway Station,1810,3500,48.3,Restaurant,Kutch,Kachchh
hotel orion,2.7,Average,"Bhuj, Bhuj",,3057,3500,12.7,Spa,Kutch,Kachchh
Shraddha Guest house,2.5,Average,"Mandvi Kutch, Mandvi Kutch",,4428,5000,11.4,24-hour Room Service,Kutch,Kachchh
Hotel Royal Palace,1.8,Poor,"Madhapar, Bhuj",9.5 km drive to Bhuj Airport (BHJ),3341,4500,25.8,Restaurant,Kutch,Kachchh
Villa in Bhuj,3.5,Very Good,"Bhuj, Bhuj",13.6 km from city centre,22052,25000,11.8,Free Wi-Fi,Kutch,Kachchh
HOTEL PARADISE INN,2.0,Average,"Gandhidham, Gandhidham",6.1 km drive to Kandla Airport,1882,2200,14.5,24-hour Room Service,Kutch,Kachchh
HOTEL BLUE COAST BY HOC,1.3,Poor,"Mandvi Kutch, Mandvi Kutch",,1454,2000,27.3,Restaurant,Kutch,Kachchh
Shivalika Resort,1.0,Poor,"Bhuj, Bhuj",13.8 km from city centre,5756,6500,11.4,Swimming Pool,Kutch,Kachchh
Hotel Gajanand Palace,1.0,Poor,"Mundra, Mundra",,5266,7000,24.8,Restaurant,Kutch,Kachchh
Tathastu Beach Retreat,3.5,Very Good,"Mandvi Kutch, Mandvi Kutch",Special discount of â‚¹3431 applied. Valid for first 5 bookings of this property,16569,20000,17.2,Caretaker,Kutch,Kachchh
Fun Hotel,3.5,Very Good,"Gandhidham, Gandhidham",7.1 km drive to Kandla Airport,2446,2800,12.6,Restaurant,Kutch,Kachchh
DESERT INN CAMP,3.5,Very Good,"Dhordo, Bhuj",1.6 km drive to Rann Utsav Venue,3931,4500,12.6,24-hour Room Service,Kutch,Kachchh
KACHCHH ADVENTURES CAMP AND RESORT,3.5,Very Good,"Bhuj, Bhuj",19.2 km from city centre,6194,6900,10.2,24-hour Room Service,Kutch,Kachchh
Hotel PB INN,3.5,Very Good,"Ward 12A, Gandhidham",8 minutes walk to Kandla Railway Station,1882,2200,14.5,24-hour Room Service,Kutch,Kachchh
Hotel Smriti Hills,3.5,Very Good,"Madhapar, Bhuj",9.7 km drive to Bhuj Airport (BHJ),2621,3000,12.6,24-hour Room Service,Kutch,Kachchh
RANN KAAR VILLAGE RESORT,3.5,Very Good,"Hodka, Bhuj",62.5 km from city centre,3494,4000,12.6,24-hour Room Service,Kutch,Kachchh
Hotel Radiant,3.5,Very Good,"Madhapar, Bhuj",8.6 km drive to Bhuj Airport (BHJ),2184,2500,12.6,24-hour Room Service,Kutch,Kachchh
HOTEL RANN FRONT,3.5,Very Good,"Bhuj, Bhuj",20.1 km from city centre,1711,2500,31.6,Restaurant,Kutch,Kachchh
Hari om Hotel and Restaurant,3.5,Very Good,"Nakhtarana, Nakhtarana",Special discount of â‚¹244 applied. Valid for first 5 bookings of this property,1756,2000,12.2,Air Conditioning,Kutch,Kachchh
parshukshetra,3.5,Very Good,"Bhuj, Bhuj",5.5 km drive to Bhuj Airport (BHJ),2195,2500,12.2,Air Conditioning,Kutch,Kachchh
K K BUNGALOWS,3.5,Very Good,"Airport Ring Rd, Bhuj",3.7 km drive to Bhuj Airport (BHJ),5533,9999,44.7,Kitchenette,Kutch,Kachchh
Shree Chawal Krupa Guest House,3.5,Very Good,"Kukma, Bhuj",11.2 km from city centre,1369,1600,14.4,Living Room,Kutch,Kachchh
Kutch Birding Lodge,3.5,Very Good,"Nakhtarana, Nakhtarana",,4543,5700,20.3,Free Parking,Kutch,Kachchh
Hotel The Grand Jashi Residency,4.4,Excellent,Krishnanagar Society,,1490,1800,17.2,24-hour Room Service,Patan,Patan
The Grand Raveta,4.5,Excellent,Tirupati Township,,1651,2142,22.9,Restaurant,Patan,Patan
Hotel Dolphin Residency,3.5,Very Good,Krishnanagar Society,,1189,1360,12.6,24-hour Room Service,Patan,Patan
Hotel The Grand Piano,4.4,Excellent,Patan,,4021,5072,20.7,Restaurant,Patan,Patan
Hotel Tulsi,4.4,Excellent,Chamunda society,610 m drive to Patan Railway Station,1880,2200,14.5,Restaurant,Patan,Patan
APPLE RESIDENCY,4.4,Excellent,Pragati Nagar Society,,1101,1840,40.2,Restaurant,Patan,Patan
Hotel Blue Galaxy,3.9,Very Good,VTC Patan,320 m drive to Patan Railway Station,3505,4000,12.4,24-hour Room Service,Patan,Patan
Hotel Navjivan,3.5,Very Good,Vishnunagar,,1111,1300,14.5,Restaurant,Patan,Patan
Rudra Hotel,3.5,Very Good,Patan,,3067,3500,12.4,Restaurant,Patan,Patan
Hotel Marvel Inn,2.7,Average,Chamunda society,610 m drive to Patan Railway Station,1769,2070,14.5,Restaurant,Patan,Patan
Lilas Hotel,3.4,Good,Bhatia Bazar Old,6.6 km drive to Porbandar Airport (PBD),1592,1904,16.4,24-hour Room Service,Porbandar,Porbandar
The Fern Residency,3.6,Very Good,Porbandar,9.3 km drive to Porbandar Airport (PBD),4323,5200,16.9,Gym,Porbandar,Porbandar
Hotel Azura,3.8,Very Good,Bhatia Bazar Old,6.8 km drive to Porbandar Airport (PBD),1933,2700,28.4,24-hour Room Service,Porbandar,Porbandar
Lords Inn Porbandar,3.9,Very Good,GEB Colony,6.9 km drive to Porbandar Airport (PBD),4600,4600,0.0,Restaurant,Porbandar,Porbandar
Super Townhouse Bhagvadar Porbandar,4.3,Excellent,Porbandar,,1302,2398,45.7,24-hour Room Service,Porbandar,Porbandar
Hotel Balaji Palace,4.1,Very Good,Panch Hatdi,4.8 km drive to Porbandar Airport (PBD),1922,2450,21.6,Restaurant,Porbandar,Porbandar
Unique Resort and Restaurant,3.9,Very Good,Porbandar,,2138,2999,28.7,Swimming Pool,Porbandar,Porbandar
Hotel Ronak Royal,3.7,Very Good,Bhatia Bazar Old,6.7 km drive to Porbandar Airport (PBD),1254,1500,16.4,24-hour Room Service,Porbandar,Porbandar
Peaceful 2B Farmhouse at Porbandar.,4.7,Excellent,Chhaya,7.9 km drive to Porbandar Airport (PBD),2458,3500,29.8,Shared Kitchen,Porbandar,Porbandar
Hotel R inn,3.4,Good,Panch Hatdi,6.4 km drive to Porbandar Airport (PBD),952,1100,13.5,24-hour Room Service,Porbandar,Porbandar
Hotel Suraj Inn,4.5,Excellent,Panch Hatdi,5.5 km drive to Porbandar Airport (PBD),1112,1450,23.3,24-hour Room Service,Porbandar,Porbandar
Hotel Kaveri International,3.5,Very Good,Panch Hatdi,4.3 km drive to Porbandar Airport (PBD),1294,1495,13.4,24-hour Room Service,Porbandar,Porbandar
HOTEL BALAJI SQUARE,3.4,Good,Panch Hatdi,970 m drive to Porbandar Railway Station,1480,1699,12.9,24-hour Room Service,Porbandar,Porbandar
Happy Place,3.2,Good,Panch Hatdi,4.7 km drive to Porbandar Airport (PBD),1082,1250,13.4,Restaurant,Porbandar,Porbandar
Hotel Safffron,3.4,Good,Panch Hatdi,6.6 km drive to Porbandar Airport (PBD),997,1300,23.3,24-hour Room Service,Porbandar,Porbandar
Hotel Madhuvan,2.7,Average,Porbandar,,1384,1900,27.2,Private Beach,Porbandar,Porbandar
Shivam Hotel,3.8,Very Good,Porbandar,,2638,3500,24.6,Restaurant,Porbandar,Porbandar
Hotel Madhav and Shiv Restaurant,3.5,Very Good,Porbandar,,1731,2000,13.4,Restaurant,Porbandar,Porbandar
HOTEL SHEETAL(NEW),1.3,Poor,Chhaya,3.9 km drive to Porbandar Airport (PBD),874,1010,13.5,24-hour Room Service,Porbandar,Porbandar
Hotel Rajdhani,3.1,Good,Panch Hatdi,6.2 km drive to Porbandar Airport (PBD),305,400,23.8,24-hour Room Service,Porbandar,Porbandar
Hotel Rupali,3.5,Very Good,Bhatia Bazar Old,6.7 km drive to Porbandar Airport (PBD),1297,1499,13.5,Air Conditioning,Porbandar,Porbandar
Super Townhouse MG Road Porbandar,3.5,Very Good,Panch Hatdi,5.8 km drive to Porbandar Airport (PBD),1060,2450,56.7,Restaurant,Porbandar,Porbandar
Heritage Khirasara Palace,4.2,Very Good,"Vada Rd, Khirasara",,3475,4750,26.8,Jacuzzi,Rajkot,Rajkot
Hotel Jyoti,3.9,Very Good,"Karanpara, Rajkot",4 minutes walk to Rajkot Bus Station,2090,4700,55.5,Restaurant,Rajkot,Rajkot
Hotel Nova Palm,3.4,Good,"Near Rajkot Bus Stand, Rajkot",,1003,6099,83.6,24-hour Room Service,Rajkot,Rajkot
Hotel Sunshine,3.7,Very Good,"Karanpara, Rajkot",5 minutes walk to Rajkot Bus Station,1123,1926,41.7,Restaurant,Rajkot,Rajkot
HOTEL EVERLAND,4.0,Very Good,"Sadar, Rajkot",10 minutes walk to Yagnik Road,2646,3456,23.4,24-hour Room Service,Rajkot,Rajkot
PRIDE RESORT RAJKOT - Pure Veg,4.2,Very Good,"Rajkot, Rajkot",,4000,5000,20.0,24-hour Room Service,Rajkot,Rajkot
HOTEL EVERLAND,4.0,Very Good,"Sadar, Rajkot",10 minutes walk to Yagnik Road,2959,3456,14.4,24-hour Room Service,Rajkot,Rajkot
Nirali Resorts,4.1,Very Good,"Vajdi, Rajkot",,3798,4499,15.6,24-hour Room Service,Rajkot,Rajkot
Nova Park,3.3,Good,"Sadar, Rajkot",10 minutes walk to Yagnik Road,1217,6299,80.7,24-hour Room Service,Rajkot,Rajkot
The Sky Imperial Aarivaa Luxury Stays,4.0,Very Good,"Maruti Nagar, Rajkot",,4470,6500,31.2,24-hour Room Service,Rajkot,Rajkot
Hotel Nexus,4.1,Very Good,"Rajputpara, Rajkot",4 minutes walk to Rajkot Bus Station,2697,6299,57.2,24-hour Room Service,Rajkot,Rajkot
Hotel Nova Pride,3.5,Very Good,"Near Rajkot Bus Stand, Rajkot",10 minutes walk to Bangdi Bazaar,1159,2100,44.8,24-hour Room Service,Rajkot,Rajkot
Treebo Oscar,3.7,Very Good,"Near Rajkot Bus Stand, Rajkot",6 minutes walk to Rajkot Bus Station,1461,3950,63.0,24-hour Room Service,Rajkot,Rajkot
The Garden Ananta Elite,3.6,Very Good,"Rajkot, Rajkot",14.6 km from city centre,4795,7000,31.5,24-hour Room Service,Rajkot,Rajkot
Hotel Nova Star,3.4,Good,"Sadar, Rajkot",10 minutes walk to Yagnik Road,867,1900,54.4,24-hour Room Service,Rajkot,Rajkot
THE ROYAL RETREAT,3.5,Very Good,"Padadhari, Padadhari",,2757,4000,31.1,Restaurant,Rajkot,Rajkot
Hotel Krish,4.1,Very Good,"Jetpur, Jetpur",,1303,1699,23.3,24-hour Room Service,Rajkot,Rajkot
Lords Eco Inn Shapar - Pure Veg,3.9,Very Good,"Kotda Sangani, Kotda Sangani",,3500,3500,0.0,Restaurant,Rajkot,Rajkot
Hotel Nova Bizz,3.6,Very Good,"Sardar Nagar, Rajkot",,2161,3400,36.4,24-hour Room Service,Rajkot,Rajkot
HOTEL NOVA BLING,3.5,Very Good,"Rajputpara, Rajkot",7 minutes walk to Rajkot Bus Station,1358,2600,47.8,Jacuzzi,Rajkot,Rajkot
Seasons Hotels Rajkot,4.5,Excellent,"Royal Enclave, Rajkot",,6720,7500,10.4,Swimming Pool,Rajkot,Rajkot
Super Collection O Limda Chowk formerly Hotel Harmony,3.8,Very Good,"Near Rajkot Bus Stand, Rajkot",10 minutes walk to Rajkot Bus Station,1601,2955,45.8,Restaurant,Rajkot,Rajkot
Hotel Cross Road,3.3,Good,"Rajputpara, Rajkot",7 minutes walk to Rajkot Bus Station,1106,2800,60.5,24-hour Room Service,Rajkot,Rajkot
Hotel city inn,3.8,Very Good,"Rajputpara, Rajkot",3 minutes walk to Rajkot Bus Station,1227,1599,23.3,Gym,Rajkot,Rajkot
Hotel Crown,3.4,Good,"Rajputpara, Rajkot",6 minutes walk to Rajkot Bus Station,1211,2429,50.1,Restaurant,Rajkot,Rajkot
Hotel Nova Boutique,3.7,Very Good,"Karanpara, Rajkot",5 minutes walk to Rajkot Bus Station,1788,2700,33.8,Jacuzzi,Rajkot,Rajkot
JVL By Nexottel,3.4,Good,"Mavdi, Rajkot",,2343,3299,29.0,24-hour Room Service,Rajkot,Rajkot
Hotel The Grand Shiva,3.2,Good,"Yogi Nagar, Gondal",8 minutes walk to Gondal Railway Station,1751,2016,13.1,24-hour Room Service,Rajkot,Rajkot
Sayaji Rajkot,4.3,Excellent,"Nana Mava, Rajkot",,7000,7000,0.0,Spa,Rajkot,Rajkot
Hotel The Grand Regency,4.1,Very Good,"Bhakti Nagar, Rajkot",7 minutes walk to Rajkot Bus Station,3332,4099,18.7,Restaurant,Rajkot,Rajkot
HOTEL RIO ORBIT,3.7,Very Good,"Rajkot, Rajkot",13.1 km from city centre,1151,1500,23.3,24-hour Room Service,Rajkot,Rajkot
Hotel Galaxy,2.7,Average,"Gundala, Gondal",,1402,1800,22.1,24-hour Room Service,Rajkot,Rajkot
Hotel Cow Residency,3.8,Very Good,"Karanpara, Rajkot",4 minutes walk to Rajkot Bus Station,1644,1899,13.4,Restaurant,Rajkot,Rajkot
Prabhu Resort by King's Kraft,3.6,Very Good,"Rajkot, Rajkot",7.7 km drive to Rajkot International Airport,3038,4200,27.7,Gym,Rajkot,Rajkot
THE PINEVINTA HOTEL,4.2,Very Good,"Bhakti Nagar, Rajkot",9 minutes walk to Bhaktinagar Railway Station,3318,3900,14.9,Restaurant,Rajkot,Rajkot
Hotel Near Me,3.9,Very Good,"Kotecha Nagar, Rajkot",,972,1649,41.1,24-hour Room Service,Rajkot,Rajkot
Hotel Blue Leaf,3.9,Very Good,"Near Rajkot Bus Stand, Rajkot",9 minutes walk to Rajkot Bus Station,1062,1249,15.0,24-hour Room Service,Rajkot,Rajkot
HOTEL NOVA BLISS,4.0,Very Good,"Nana Mava, Rajkot",,2822,6500,56.6,Jacuzzi,Rajkot,Rajkot
The Elements,4.1,Very Good,"Gandhigram, Rajkot",,2683,3399,21.1,Lounge,Rajkot,Rajkot
Patria Suites,4.4,Excellent,"Sakhiya Nagar, Rajkot",5 minutes walk to Race Course Ground,4985,8299,39.9,Gym,Rajkot,Rajkot
Hotel Kailash,3.9,Very Good,"Jetpur, Jetpur",,1233,4200,70.6,Bonfire,Rajkot,Rajkot
FabHotel SK - Nr. Rajkot Municipal Corporation,3.5,Very Good,"Rajputpara, Rajkot",3 minutes walk to Rajkot Bus Station,1514,3413,55.6,Fireplace,Rajkot,Rajkot
HOTEL GOLDSTAR,3.9,Very Good,"Karanpara, Rajkot",6 minutes walk to Rajkot Bus Station,1463,2700,45.8,24-hour Room Service,Rajkot,Rajkot
Hotel Royal Elite,3.2,Good,"Bhakti Nagar, Rajkot",8 minutes walk to Rajkot Bus Station,971,1400,30.6,24-hour Room Service,Rajkot,Rajkot
THE GALLERIA HOTEL,3.9,Very Good,"Mavdi, Rajkot",,3544,4050,12.5,Gym,Rajkot,Rajkot
NEW HOTEL EUROPA INN,3.6,Very Good,"Near Rajkot Bus Stand, Rajkot",8 minutes walk to Rajkot Bus Station,970,1949,50.2,24-hour Room Service,Rajkot,Rajkot
Ananta Suits Gondal,4.3,Excellent,"Gundala, Gondal",,2390,2800,14.6,24-hour Room Service,Rajkot,Rajkot
HOTEL PARADISE ( 50 meter from Rajkot Junction Railway Station ),3.8,Very Good,"Near Rajkot Bus Stand, Rajkot",3 minutes walk to Rajkot Junction Railway Station,1074,1400,23.3,24-hour Room Service,Rajkot,Rajkot
EL CLASSICO,4.1,Very Good,"Near Rajkot Bus Stand, Rajkot",9 minutes walk to Rajkot Bus Station,1687,2200,23.3,Swimming Pool,Rajkot,Rajkot
King's Kraft Stay Inn,3.9,Very Good,"Mota Mava, Rajkot",,4000,4000,0.0,Restaurant,Rajkot,Rajkot
Hotel Nova Sky,3.3,Good,"Kalawad Road, Rajkot",8 minutes walk to Indira Circle BRTS Bus Station,1239,1900,34.8,24-hour Room Service,Rajkot,Rajkot
Hotel Bhabha,3.4,Good,"Near Rajkot Bus Stand, Rajkot",8 minutes walk to Rajkot Bus Station,2632,4989,47.2,Restaurant,Rajkot,Rajkot
HOTEL THE SENTOSA,3.8,Very Good,"Yagnik Rd, Rajkot",,3520,5000,29.6,Restaurant,Rajkot,Rajkot
HOTEL KRISHNA PARK RESORT,3.5,Very Good,"Vavdi, Rajkot",,2006,4000,49.8,Swimming Pool,Rajkot,Rajkot
Hotel Star Palace,3.1,Good,"Sadar, Rajkot",10 minutes walk to Yagnik Road,726,1100,34.0,Butler Services,Rajkot,Rajkot
Galaxy Hotel,3.5,Very Good,"Near Rajkot Bus Stand, Rajkot",8 minutes walk to Rajkot Bus Station,2542,5000,49.2,Indoor Games,Rajkot,Rajkot
Hotel O H.R.KING HOTEL,3.3,Good,"Bhakti Nagar, Rajkot",4 minutes walk to Rajkot Bus Station,793,1463,45.8,24-hour Room Service,Rajkot,Rajkot
Hotel Samrat International,3.1,Good,"Karanpara, Rajkot",5 minutes walk to Rajkot Bus Station,622,900,30.9,Restaurant,Rajkot,Rajkot
Hotel Venus,3.7,Very Good,"Karanpara, Rajkot",5 minutes walk to Rajkot Bus Station,1095,2100,47.9,24-hour Room Service,Rajkot,Rajkot
Hotel Pallav,3.7,Very Good,"Kalawad Road, Rajkot",3 minutes walk to Indira Circle BRTS Bus Station,2542,3000,15.3,Restaurant,Rajkot,Rajkot
The Imperial Palace,4.0,Very Good,"Yagnik Rd, Rajkot",,6496,7500,13.4,Spa,Rajkot,Rajkot
Hotel Classique,3.7,Very Good,"Gavliwad, Rajkot",970 m drive to Dharmendra Road,2541,2999,15.3,24-hour Room Service,Rajkot,Rajkot
Hotel Rajdhani,3.8,Very Good,"Karanpara, Rajkot",5 minutes walk to Rajkot Bus Station,996,1150,13.4,24-hour Room Service,Rajkot,Rajkot
Hotel K-Rose,3.5,Very Good,"Near Rajkot Bus Stand, Rajkot",9 minutes walk to Rajkot Bus Station,1530,1995,23.3,24-hour Room Service,Rajkot,Rajkot
Hotel Tej Palace,3.7,Very Good,"Karanpara, Rajkot",3 minutes walk to Rajkot Bus Station,959,1250,23.3,24-hour Room Service,Rajkot,Rajkot
Hotel Upasana,3.4,Good,"Near Rajkot Bus Stand, Rajkot",7 minutes walk to Rajkot Bus Station,767,2000,61.6,24-hour Room Service,Rajkot,Rajkot
Hotel Krishna Palace,3.5,Very Good,"Karanpara, Rajkot",4 minutes walk to Rajkot Bus Station,583,800,27.1,24-hour Room Service,Rajkot,Rajkot
Hotel SHRINATH INN,4.2,Very Good,"Virpur, Jetpur",,1603,2200,27.1,Bonfire,Rajkot,Rajkot
Hotel the Rivera,3.9,Very Good,"Rajputpara, Rajkot",6 minutes walk to Rajkot Bus Station,1111,1800,38.3,Restaurant,Rajkot,Rajkot
The Royal Castle Resort & Convention Center,3.4,Good,"Ishvariya, Padadhari",,1454,3299,55.9,Swimming Pool,Rajkot,Rajkot
Hotel Nova Shine,3.0,Good,"Nana Mava, Rajkot",,1206,2200,45.2,24-hour Room Service,Rajkot,Rajkot
Hotel Paramount Inn,3.5,Very Good,"Near Rajkot Bus Stand, Rajkot",9 minutes walk to Dharmendra Road,1266,1650,23.3,Butler Services,Rajkot,Rajkot
Hotel Nova Safal,3.6,Very Good,"Nana Mava, Rajkot",,1178,1800,34.6,24-hour Room Service,Rajkot,Rajkot
Super Collection O Simran Raghuveer Para,3.5,Very Good,"Near Rajkot Bus Stand, Rajkot",7 minutes walk to Rajkot Bus Station,1572,2896,45.7,24-hour Room Service,Rajkot,Rajkot
Hotel Swagatam Inn,3.6,Very Good,"Gavliwad, Rajkot",10 minutes walk to Yagnik Road,1471,2000,26.4,Gym,Rajkot,Rajkot
Hotel Ever Krishna,2.4,Average,"Karanpara, Rajkot",4 minutes walk to Rajkot Bus Station,865,999,13.4,24-hour Room Service,Rajkot,Rajkot
Pearl Hotel,3.5,Very Good,"Karanpara, Rajkot",5 minutes walk to Rajkot Bus Station,882,1150,23.3,24-hour Room Service,Rajkot,Rajkot
The Emerald Club,4.0,Very Good,"Devda, Khirasara",,4018,4800,16.3,Jacuzzi,Rajkot,Rajkot
The Grand Rio,4.0,Very Good,"Metoda, Khirasara",,1761,2999,41.3,Lounge,Rajkot,Rajkot
Hotel Raviraj Palace,3.7,Very Good,"Near Rajkot Bus Stand, Rajkot",10 minutes walk to Rajkot Bus Station,1113,1444,22.9,24-hour Room Service,Rajkot,Rajkot
The Rio Orchid,3.7,Very Good,"Yagnik Rd, Rajkot",,2102,2800,24.9,24-hour Room Service,Rajkot,Rajkot
HOTEL SHAYAN INN,3.6,Very Good,"Karanpara, Rajkot",3 minutes walk to Rajkot Bus Station,1656,2799,40.8,Restaurant,Rajkot,Rajkot
Hotel Aditya,3.6,Very Good,"Near Rajkot Bus Stand, Rajkot",7 minutes walk to Rajkot Bus Station,995,1149,13.4,Restaurant,Rajkot,Rajkot
Iris Beacon Hotel Rajkot,3.5,Very Good,"Rajkot, Rajkot",12.2 km from city centre,2901,3849,24.6,Restaurant,Rajkot,Rajkot
Hotel Golden,3.1,Good,"Yogi Nagar, Rajkot",,1471,1700,13.5,Restaurant,Rajkot,Rajkot
Hotel Tirupati,3.9,Very Good,"Karanpara, Rajkot",6 minutes walk to Rajkot Bus Station,978,1250,21.8,24-hour Room Service,Rajkot,Rajkot
Hotel Jet Inn,3.8,Very Good,"Kotda Sangani, Kotda Sangani",,1316,1600,17.8,24-hour Room Service,Rajkot,Rajkot
Hotel Shivang,3.3,Good,"G.E.B Kanak Road, Rajkot",5 minutes walk to Rajkot Bus Station,987,1200,17.8,24-hour Room Service,Rajkot,Rajkot
Spree hotel Rajkot,3.7,Very Good,"Kailash Nagar, Rajkot",10 minutes walk to Indira Circle BRTS Bus Station,2632,4419,40.4,Gym,Rajkot,Rajkot
Shiv-Shakti Hotel,3.7,Very Good,"Karanpara, Rajkot",6 minutes walk to Rajkot Bus Station,1687,2200,23.3,Restaurant,Rajkot,Rajkot
Hotel City Palace,3.2,Good,"Karanpara, Rajkot",6 minutes walk to Rajkot Bus Station,766,999,23.3,24-hour Room Service,Rajkot,Rajkot
Hotel Bhakti Rajkot,3.6,Very Good,"Karanpara, Rajkot",5 minutes walk to Rajkot Bus Station,1362,2000,31.9,Restaurant,Rajkot,Rajkot
Hotel Nova JMC Group,3.2,Good,"Rajputpara, Rajkot",3 minutes walk to Rajkot Bus Station,2118,5000,57.6,24-hour Room Service,Rajkot,Rajkot
Hotel Modern,3.5,Very Good,"Karanpara, Rajkot",5 minutes walk to Rajkot Bus Station,1039,1200,13.4,24-hour Room Service,Rajkot,Rajkot
Hotel O Park Inn,3.2,Good,"Near Rajkot Bus Stand, Rajkot",,1232,2291,46.2,24-hour Room Service,Rajkot,Rajkot
Hotel Hari Palace,3.9,Very Good,"Karanpara, Rajkot",6 minutes walk to Rajkot Bus Station,3318,3900,14.9,24-hour Room Service,Rajkot,Rajkot
The Heaven,2.2,Average,"Jetpur, Jetpur",,2872,3750,23.4,Swimming Pool,Rajkot,Rajkot
Hotel New River,4.0,Very Good,"Near Rajkot Bus Stand, Rajkot",10 minutes walk to Bangdi Bazaar,1419,1850,23.3,24-hour Room Service,Rajkot,Rajkot
TULSI ROOMS N BANQUET,3.7,Very Good,"Rajputpara, Rajkot",6 minutes walk to Rajkot Bus Station,1588,2300,31.0,Restaurant,Rajkot,Rajkot
Hotel Tirth,2.9,Average,"Jetpur, Jetpur",,2118,2500,15.3,Restaurant,Rajkot,Rajkot
Hotel Star Avenue,3.5,Very Good,"Near Rajkot Bus Stand, Rajkot",,1558,1800,13.4,24-hour Room Service,Rajkot,Rajkot
HOTEL VRAJ RACE COURSE,3.7,Very Good,"Sadar, Rajkot",10 minutes walk to Yagnik Road,1836,2500,26.6,24-hour Room Service,Rajkot,Rajkot
Goodluck Hotel & Guest House,3.0,Good,"Near Rajkot Bus Stand, Rajkot",5 minutes walk to Rajkot Junction Railway Station,952,1100,13.5,24-hour Room Service,Rajkot,Rajkot
Hotel Dhanraj Palace,2.9,Average,"Near Rajkot Bus Stand, Rajkot",6 minutes walk to Rajkot Bus Station,1233,1500,17.8,Restaurant,Rajkot,Rajkot
Hotel Baba,3.6,Very Good,"Rajputpara, Rajkot",2 minutes walk to Rajkot Bus Station,1074,1400,23.3,Indoor Games,Rajkot,Rajkot
KRISHNA WATER PARK & RESORT,2.9,Average,"Kuvadva, Rajkot",21.1 km from city centre,3403,4000,14.9,Restaurant,Rajkot,Rajkot
Hotel Royal Silver,2.4,Average,"Mavdi, Rajkot",,1091,1400,22.1,24-hour Room Service,Rajkot,Rajkot
Hotel Pine Tree,3.1,Good,"Phulchhab Chowk, Rajkot",,1385,1600,13.4,Restaurant,Rajkot,Rajkot
Hotel The Faam,2.5,Average,"Near Rajkot Bus Stand, Rajkot",,1385,2000,30.8,Restaurant,Rajkot,Rajkot
RATNA VILAS PALACE,2.8,Average,"Rajkot, Rajkot",,2671,3000,11.0,Kids Play Area,Rajkot,Rajkot
Hotel R Pacific,3.5,Very Good,"Near Rajkot Bus Stand, Rajkot",10 minutes walk to Dharmendra Road,1174,1800,34.8,Restaurant,Rajkot,Rajkot
Hotel Atithi- Opposite Shreeji Hospital,3.5,Very Good,"Sardarnagar, Rajkot",,971,1399,30.6,24-hour Room Service,Rajkot,Rajkot
Hotel O Royal Raj,3.5,Very Good,"GIDC, Rajkot",,846,1561,45.8,24-hour Room Service,Rajkot,Rajkot
Hotel Nova Pine Tree,3.0,Good,"Metoda, Khirasara",,1151,1400,17.8,Restaurant,Rajkot,Rajkot
Hotel Madhav,3.5,Very Good,"Virpur, Jetpur",,1297,1499,13.5,24-hour Room Service,Rajkot,Rajkot
Hotel The Grand President.,4.0,Very Good,"Kotda Sangani, Kotda Sangani",,2364,3150,25.0,Restaurant,Rajkot,Rajkot
Radha Mira Hotel,3.1,Good,"Bhakti Nagar, Rajkot",10 minutes walk to Rajkot Bus Station,1233,1500,17.8,Restaurant,Rajkot,Rajkot
Hotel Atmij,3.5,Very Good,"Rajputpara, Rajkot",6 minutes walk to Rajkot Bus Station,1866,2500,25.4,24-hour Room Service,Rajkot,Rajkot
Shahi Darbar Hotel And Restaurant,3.5,Very Good,"Phulchhab Chowk, Rajkot",,1082,1250,13.4,Restaurant,Rajkot,Rajkot
MARUTI GRAND HOTEL,3.6,Very Good,"Bhakti Nagar, Rajkot",5 minutes walk to Rajkot Bus Station,1533,1999,23.3,24-hour Room Service,Rajkot,Rajkot
Hotel Nova Shapar,3.5,Very Good,"Kotda Sangani, Kotda Sangani",,1368,3100,55.9,Restaurant,Rajkot,Rajkot
Hotel Shree,3.6,Very Good,"Gondal, Gondal",About a minute walk to Gondal Railway Station,2883,3250,11.3,Restaurant,Rajkot,Rajkot
Hotel Velvet,2.2,Average,"Bhakti Nagar, Rajkot",9 minutes walk to Rajkot Bus Station,997,1841,45.8,24-hour Room Service,Rajkot,Rajkot
Hotel O Royal Season,3.5,Very Good,"Karanpara, Rajkot",7 minutes walk to Rajkot Bus Station,1177,2468,52.3,24-hour Room Service,Rajkot,Rajkot
Surbhi Hotel And Restaurant,3.5,Very Good,"Panchsheel Wadi, Rajkot",,1306,1500,12.9,24-hour Room Service,Rajkot,Rajkot
Hotel KDM,3.2,Good,"GIDC, Rajkot",,2542,3000,15.3,24-hour Room Service,Rajkot,Rajkot
Hotel Dwarika Inn,3.0,Good,"Vinayak Nagar, Rajkot",,3903,7000,44.2,Restaurant,Rajkot,Rajkot
Hotel Tilak Rajkot,3.5,Very Good,"Rajputpara, Rajkot",7 minutes walk to Rajkot Bus Station,1298,1500,13.5,24-hour Room Service,Rajkot,Rajkot
Hotel Shaktiraj,3.0,Good,"Near Rajkot Bus Stand, Rajkot",8 minutes walk to Rajkot Bus Station,959,1250,23.3,24-hour Room Service,Rajkot,Rajkot
Hotel Lotus Inn,3.8,Very Good,"Near Rajkot Bus Stand, Rajkot",,1714,2200,22.1,24-hour Room Service,Rajkot,Rajkot
Hotel Goodluck Inn,3.0,Good,"Near Rajkot Bus Stand, Rajkot",About a minute walk to Rajkot Junction Railway Station,1298,1500,13.5,24-hour Room Service,Rajkot,Rajkot
STAY WELL HOME STAY,2.6,Average,"Near Rajkot Bus Stand, Rajkot",,1824,2200,17.1,24-hour Room Service,Rajkot,Rajkot
HOTEL VRAJ KAMAL,3.5,Very Good,"Sakhiya Nagar, Rajkot",5 minutes walk to Race Course Ground,2723,3200,14.9,24-hour Room Service,Rajkot,Rajkot
HOTEL BLACKWOOD,3.0,Good,"Rajputpara, Rajkot",5 minutes walk to Rajkot Bus Station,2542,3000,15.3,24-hour Room Service,Rajkot,Rajkot
Hotel Nova Havana,3.2,Good,"Yagnik Rd, Rajkot",7 minutes walk to Yagnik Road,1178,2000,41.1,Swimming Pool,Rajkot,Rajkot
Hotel Royal Orbit,3.5,Very Good,"Bhakti Nagar, Rajkot",10 minutes walk to Rajkot Bus Station,1990,3000,33.7,24-hour Room Service,Rajkot,Rajkot
HOTEL VATIKA INN,3.5,Very Good,"Jala Ram Nagar, Rajkot",4 minutes walk to Indira Circle BRTS Bus Station,1298,1500,13.5,Jacuzzi,Rajkot,Rajkot
HOTEL GREEN,3.1,Good,"Karanpara, Rajkot",5 minutes walk to Rajkot Bus Station,866,1000,13.4,24-hour Room Service,Rajkot,Rajkot
HOTEL RR INN,3.5,Very Good,"Bhakti Nagar, Rajkot",3 minutes walk to Rajkot Bus Station,1558,1800,13.4,Lounge,Rajkot,Rajkot
Hotel Shivdhara,3.5,Very Good,"Near Rajkot Bus Stand, Rajkot",10 minutes walk to Swaminarayan Temple,1246,1440,13.5,Lounge,Rajkot,Rajkot
Hotel Vatsalya Palace,3.5,Very Good,"Karanpara, Rajkot",5 minutes walk to Rajkot Bus Station,1298,1500,13.5,24-hour Room Service,Rajkot,Rajkot
hotel gokul,3.5,Very Good,"Kotda Sangani, Kotda Sangani",,1039,1200,13.4,Lounge,Rajkot,Rajkot
Hotel Radhika,3.0,Good,"Rajeshwari Society, Jetpur",,1385,2000,30.8,24-hour Room Service,Rajkot,Rajkot
JayShree Guest House,3.5,Very Good,"Karanpara, Rajkot",4 minutes walk to Rajkot Bus Station,1212,1400,13.4,24-hour Room Service,Rajkot,Rajkot
Hotel-Vatsalya,2.6,Average,"Rajputpara, Rajkot",6 minutes walk to Rajkot Bus Station,1915,3000,36.2,24-hour Room Service,Rajkot,Rajkot
Amrut Guest House,1.0,Poor,"Gondal, Gondal",About a minute walk to Gondal Railway Station,4436,5000,11.3,24-hour Room Service,Rajkot,Rajkot
Rajkot hotel,1.2,Poor,"Nana Mava, Rajkot",,892,1300,31.4,Shared Kitchen,Rajkot,Rajkot
Jolly Guesthouse,4.0,Very Good,"Virpur, Jetpur",,640,800,20.0,Luggage Storage,Rajkot,Rajkot
Atmaneem Nature Cure,4.4,Excellent,"Padadhari, Padadhari",,11946,13300,10.2,Swimming Pool,Rajkot,Rajkot
Vrundavan Appartment,3.5,Very Good,"Rajkot, Rajkot",,910,1000,9.0,Air Conditioning,Rajkot,Rajkot
Jay Residency,3.2,Good,"Kalawad Road, Rajkot",6 minutes walk to Indira Circle BRTS Bus Station,1353,2000,32.4,Kitchenette,Rajkot,Rajkot
Maa Aashapura Guest House,3.5,Very Good,"Padadhari, Padadhari",,1405,2000,29.8,Housekeeping,Rajkot,Rajkot
Aquatic waterpark and Resort,4.5,Excellent,"Dhoraji, Dhoraji",,2186,2580,15.3,Swimming Pool,Rajkot,Rajkot
Strawberry Hills,3.5,Very Good,In Hatgad,8.0 km from Saputara city centre,1774,3100,42.8,Swimming Pool,Saputara,Dang
SAVSHANTI LAKE RESORT,4.2,Very Good,Saputara,3 minutes walk to Forest Log Huts,4886,5500,11.2,Swimming Pool,Saputara,Dang
SAVSHANTI MOTELS PVT. LTD,4.0,Very Good,Saputara,3 minutes walk to Forest Log Huts,2182,2500,12.7,Kids Play Area,Saputara,Dang
Hotel Sejal inn by Nexottel,3.6,Very Good,Saputara,About a minute walk to Saputara Bus Stop,2426,4099,40.8,Swimming Pool,Saputara,Dang
Shilpi Hill Resort,4.0,Very Good,Saputara,3 minutes walk to Saputara Bus Stop,3723,5500,32.3,Swimming Pool,Saputara,Dang
Sunotel,4.3,Excellent,Saputara,2 minutes walk to Forest Log Huts,9237,10999,16.0,Spa,Saputara,Dang
Aakar Lords Inn - Pure Veg,4.1,Very Good,Saputara,9 minutes walk to Saputara Bus Stop,6000,6000,0.0,Gym,Saputara,Dang
Patang Residency,4.2,Very Good,Saputara,9 minutes walk to Saputara Bus Stop,5403,6000,10.0,Swimming Pool,Saputara,Dang
Manas Cottage Homestay| Rooms & Caretaker,3.6,Very Good,Saputara,5 minutes walk to Saputara Bus Stop,1766,2099,15.9,Caretaker,Saputara,Dang
Radisson Resort Hatgad Saputara,4.5,Excellent,In Hatgad,3.8 km from Saputara,14450,17000,15.0,Spa,Saputara,Dang
Hotel Anando,3.9,Very Good,Saputara,10 minutes walk to Governor's Hill,3110,4500,30.9,Restaurant,Saputara,Dang
chitrakoot Guest House And Restaurant,3.7,Very Good,Saputara,8 minutes walk to Saputara Bus Stop,2320,3000,22.7,Swimming Pool,Saputara,Dang
VANVASO RESORT AND ADVENTURE PARK,4.0,Very Good,Saputara,3 minutes walk to Forest Log Huts,3107,4000,22.3,Swimming Pool,Saputara,Dang
JALSA VILLAS PHASE TWO,4.0,Very Good,Saputara,,15158,16000,5.3,Caretaker,Saputara,Dang
HOTEL HILLTOP SAPUTARA,2.9,Average,Saputara,5 minutes walk to Saputara Bus Stop,1666,2200,24.3,Swimming Pool,Saputara,Dang
Wild Heaven Glamping And Resort,4.4,Excellent,Malegaon,,6851,7670,10.7,Restaurant,Saputara,Dang
Uday Hill Resort Saputara,2.9,Average,In Hatgad,5.3 km from Saputara,1136,1500,24.3,Restaurant,Saputara,Dang
Sai Leela,3.5,Very Good,Saputara,4 minutes walk to Saputara Bus Stop,5152,5800,11.2,24-hour Room Service,Saputara,Dang
Star Holiday Homes,3.2,Good,Saputara,2 minutes walk to Saputara Bus Stop,2449,3500,30.0,Restaurant,Saputara,Dang
Ambica Valley Resort Saputara,3.6,Very Good,Malegaon,,2339,4000,41.5,Swimming Pool,Saputara,Dang
Hotel Lake View,3.8,Very Good,Saputara,4 minutes walk to Saputara Bus Stop,4246,5000,15.1,Jacuzzi,Saputara,Dang
The Fern Heaven on The Hills,3.5,Very Good,In Surgana,20.0 km from Hatgad city centre,10723,13999,23.4,Gym,Saputara,Dang
Twin Villa,4.0,Very Good,Hatgad,3.6 km from Saputara,5218,6500,19.7,Caretaker,Saputara,Dang
Jalsa Villa | Rooms & Kitchen,3.9,Very Good,Hatgad,3.8 km from Saputara,4628,5500,15.9,Kitchenette,Saputara,Dang
Shreephal luxurious Resort- Best resort in saputara,3.8,Very Good,Hatgad,4.5 km from Saputara,2833,4560,37.9,Restaurant,Saputara,Dang
Saputara Weekend Home | Entire 5 BHK Villa,3.5,Very Good,Hatgad,5.4 km from Saputara,16866,25000,32.5,Housekeeping,Saputara,Dang
Kookee Villa,4.2,Very Good,Hatgad,,7404,9999,26.0,Caretaker,Saputara,Dang
Arka Villa | Entire 3 BHK Villa,4.0,Very Good,Hatgad,,4414,5500,19.7,Caretaker,Saputara,Dang
Hotel Majestic Somnath,3.6,Very Good,"Prabhas Patan, Somnath",1.1 km drive to Somnath Jyotirlinga Temple,800,1450,44.8,Jungle Safari,Somnath,Gir Somnath
Hotel Decent Somnath,3.5,Very Good,"Prabhas Patan, Somnath",2.0 km drive to Somnath Jyotirlinga Temple,1166,1800,35.2,Luggage Storage,Somnath,Gir Somnath
VITS The Somnath Gateway,4.1,Very Good,"Prabhas Patan, Somnath",7 minutes walk to Somnath Jyotirlinga Temple,1343,1899,29.3,Restaurant,Somnath,Gir Somnath
HOTEL MADHURAM,3.3,Good,"Veraval, Somnath",7.7 km drive to Somnath Jyotirlinga Temple,668,1100,39.3,24-hour Room Service,Somnath,Gir Somnath
Lemon Tree Resort,3.9,Very Good,"Veraval, Somnath",8.0 km drive to Somnath Jyotirlinga Temple,3480,4000,13.0,Swimming Pool,Somnath,Gir Somnath
Hotel Riverfront-Pure Veg,3.8,Very Good,"Somnath, Somnath",3.1 km drive to Somnath Jyotirlinga Temple,1411,2249,37.3,Spa,Somnath,Gir Somnath
Hotel Sun Plaza - Pure Veg,3.9,Very Good,"Prabhas Patan, Somnath",2.8 km drive to Somnath Jyotirlinga Temple,1425,2500,43.0,Bonfire,Somnath,Gir Somnath
Hotel Somnath Atithigruh,3.5,Very Good,"Prabhas Patan, Somnath",1.8 km drive to Somnath Jyotirlinga Temple,2359,3000,21.4,Restaurant,Somnath,Gir Somnath
The S Crown,4.6,Excellent,"Prabhas Patan, Somnath",2.2 km drive to Somnath Jyotirlinga Temple,1952,3600,45.8,24-hour Room Service,Somnath,Gir Somnath
Hotel Ambar,3.6,Very Good,"Prabhas Patan, Somnath",2.3 km drive to Somnath Jyotirlinga Temple,777,1200,35.2,Restaurant,Somnath,Gir Somnath
Shree Murlidhar Farm and Homestay,4.2,Very Good,"Mendarda, Sasan Gir",,2279,3300,30.9,Shared Swimming Pool,Somnath,Gir Somnath
THE GRAND ASTORIA SOMNATH,4.1,Very Good,"Veraval, Somnath",10.7 km drive to Somnath Jyotirlinga Temple,2353,3599,34.6,Gym,Somnath,Gir Somnath
Lords Inn Somnath - Pure Veg,4.4,Excellent,"Prabhas Patan, Somnath",2.3 km drive to Somnath Jyotirlinga Temple,3288,4500,26.9,Restaurant,Somnath,Gir Somnath
SHREE LEUVA PATEL SAMAJ ATITHI BHAVAN SOMNATH,4.8,Excellent,"Bhalpara Part, Somnath",6.3 km drive to Somnath Jyotirlinga Temple,1534,2500,38.6,Restaurant,Somnath,Gir Somnath
The Fern Residency Somnath,4.1,Very Good,"Prabhas Patan, Somnath",2.2 km drive to Somnath Jyotirlinga Temple,2812,4649,39.5,Gym,Somnath,Gir Somnath
Shlok Inn,4.2,Very Good,"Prabhas Patan, Somnath",1.9 km drive to Somnath Jyotirlinga Temple,1704,2500,31.8,Restaurant,Somnath,Gir Somnath
jash,4.3,Excellent,"Mendarda, Sasan Gir",27.2 km from city centre,427,500,14.6,Shared Kitchen,Somnath,Gir Somnath
Hotel Bansidhar,3.4,Good,"Prabhas Patan, Somnath",2.6 km drive to Somnath Jyotirlinga Temple,1800,2000,10.0,Fireplace,Somnath,Gir Somnath
Hotel Welcome Somnath,3.9,Very Good,"Prabhas Patan, Somnath",2.5 km drive to Somnath Jyotirlinga Temple,1472,3000,50.9,Restaurant,Somnath,Gir Somnath
Sarovar Portico Somnath,4.2,Very Good,"Prabhas Patan, Somnath",7 minutes walk to Somnath Jyotirlinga Temple,4500,5000,10.0,Spa,Somnath,Gir Somnath
Hotel Scintilla,3.4,Good,"Somnath, Somnath",3.5 km drive to Somnath Jyotirlinga Temple,1147,2000,42.6,Restaurant,Somnath,Gir Somnath
The Divine Resort,3.9,Very Good,"Veraval, Somnath",12.4 km drive to Somnath Jyotirlinga Temple,2183,4299,49.2,Spa,Somnath,Gir Somnath
Hotel Avadh,3.3,Good,"Prabhas Patan, Somnath",6 minutes walk to Somnath Jyotirlinga Temple,1212,2200,44.9,24-hour Room Service,Somnath,Gir Somnath
Hotel Dev Inn Somnath-Pure Veg,2.4,Average,"Somnath, Somnath",2.3 km drive to Somnath Jyotirlinga Temple,1734,2250,22.9,Bonfire,Somnath,Gir Somnath
Clarks Collection Somnath - Pure Veg,4.2,Very Good,"Prabhas Patan, Somnath",2.1 km drive to Somnath Jyotirlinga Temple,1939,2500,22.4,Restaurant,Somnath,Gir Somnath
The City Tower Hotel,3.8,Very Good,"Veraval, Somnath",6.7 km drive to Somnath Jyotirlinga Temple,1534,2250,31.8,Fireplace,Somnath,Gir Somnath
The Square Somnath-Pure Veg,4.4,Excellent,"Prabhas Patan, Somnath",6 minutes walk to Somnath Jyotirlinga Temple,3370,5000,32.6,Restaurant,Somnath,Gir Somnath
Hotel Matangi,4.1,Very Good,"Una, Una",,1036,1600,35.2,24-hour Room Service,Somnath,Gir Somnath
Hotel Laxmi Sadan,3.1,Good,"Prabhas Patan, Somnath",840 m drive to Somnath Jyotirlinga Temple,1041,1433,27.4,24-hour Room Service,Somnath,Gir Somnath
Hotel Shri Rudraksh,3.6,Very Good,"Prabhas Patan, Somnath",6 minutes walk to Somnath Jyotirlinga Temple,2393,3500,31.6,24-hour Room Service,Somnath,Gir Somnath
Regenta Central Somnath,4.3,Excellent,"Bhalpara Part, Somnath",6.2 km drive to Somnath Jyotirlinga Temple,2666,2949,9.6,Swimming Pool,Somnath,Gir Somnath
King's Kraft Tremezzo Inn,4.3,Excellent,"Prabhas Patan, Somnath",2.0 km drive to Somnath Jyotirlinga Temple,2612,4300,39.3,Restaurant,Somnath,Gir Somnath
Rajdhani,3.2,Good,"Veraval, Somnath",6.8 km drive to Somnath Jyotirlinga Temple,856,1000,14.4,24-hour Room Service,Somnath,Gir Somnath
Hotel Aditya Mansingh Inn- Pure Veg,4.6,Excellent,"Prabhas Patan, Somnath",1.9 km drive to Somnath Jyotirlinga Temple,2197,2799,21.5,Restaurant,Somnath,Gir Somnath
The Bliss Hotel,3.5,Very Good,"Prabhas Patan, Somnath",1.9 km drive to Somnath Jyotirlinga Temple,1882,2200,14.5,Restaurant,Somnath,Gir Somnath
Hotel Shivam,3.6,Very Good,"Prabhas Patan, Somnath",6 minutes walk to Somnath Jyotirlinga Temple,1364,1800,24.2,24-hour Room Service,Somnath,Gir Somnath
Hotel Platinum.,3.7,Very Good,"Veraval, Somnath",7.1 km drive to Somnath Jyotirlinga Temple,1155,1350,14.4,24-hour Room Service,Somnath,Gir Somnath
THE GRAND DAKSH Mansingh Inn Somnath,4.3,Excellent,"Veraval, Somnath",9.3 km drive to Somnath Jyotirlinga Temple,2030,3100,34.5,Swimming Pool,Somnath,Gir Somnath
hotel shivdhara,3.5,Very Good,"Prabhas Patan, Somnath",2.6 km drive to Somnath Jyotirlinga Temple,1056,1299,18.7,Lounge,Somnath,Gir Somnath
Hotel Dreamland,3.3,Good,"Prabhas Patan, Somnath",2.5 km drive to Somnath Jyotirlinga Temple,1388,1600,13.2,Restaurant,Somnath,Gir Somnath
Super Collection O Veraval Railway Station,3.5,Very Good,"Veraval, Somnath",6.3 km drive to Somnath Jyotirlinga Temple,915,1689,45.8,24-hour Room Service,Somnath,Gir Somnath
Flamingo Club & Resort (Just 3 km away from Una-Diu Checkpost),4.3,Excellent,"Una, Una",,2495,2999,16.8,Jacuzzi,Somnath,Gir Somnath
Hotel Damodar,4.1,Very Good,"Veraval, Somnath",6.7 km drive to Somnath Jyotirlinga Temple,1551,1800,13.8,Jungle Safari,Somnath,Gir Somnath
Hotel Krish,3.6,Very Good,"Prabhas Patan, Somnath",1.7 km drive to Somnath Jyotirlinga Temple,1034,1500,31.1,Fireplace,Somnath,Gir Somnath
Hotel Radhe Inn,3.7,Very Good,"Una, Una",,1453,1699,14.5,24-hour Room Service,Somnath,Gir Somnath
Hotel Anand Inn,2.6,Average,"Veraval, Somnath",7.1 km drive to Somnath Jyotirlinga Temple,1239,2200,43.7,24-hour Room Service,Somnath,Gir Somnath
Hotel Kaveri,3.9,Very Good,"Veraval, Somnath",7.2 km drive to Somnath Jyotirlinga Temple,1125,1650,31.8,24-hour Room Service,Somnath,Gir Somnath
HOTEL VRAJBHOOMI,3.6,Very Good,"Prabhas Patan, Somnath",1.9 km drive to Somnath Jyotirlinga Temple,1093,1350,19.0,24-hour Room Service,Somnath,Gir Somnath
The Roar Farm And Resort,4.4,Excellent,"Jalondar, Sasan Gir",14.3 km from city centre,4025,6500,38.1,Swimming Pool,Somnath,Gir Somnath
HOTEL OM,3.7,Very Good,"Prabhas Patan, Somnath",2.0 km drive to Somnath Jyotirlinga Temple,1227,1800,31.8,Restaurant,Somnath,Gir Somnath
HOTEL VENUS,3.6,Very Good,"Veraval, Somnath",7.2 km drive to Somnath Jyotirlinga Temple,1551,1999,22.4,24-hour Room Service,Somnath,Gir Somnath
Hotel Somnath Pride,3.4,Good,"Prabhas Patan, Somnath",7 minutes walk to Somnath Jyotirlinga Temple,1711,2000,14.4,Seating Area,Somnath,Gir Somnath
Hotel Sitara,3.6,Very Good,"Prabhas Patan, Somnath",1.9 km drive to Somnath Jyotirlinga Temple,818,1199,31.8,24-hour Room Service,Somnath,Gir Somnath
Hotel Sun View Regency,4.0,Very Good,"Kodinar, Kodinar",,1023,1500,31.8,24-hour Room Service,Somnath,Gir Somnath
Hotel Sukh Sagar,3.7,Very Good,"Prabhas Patan, Somnath",2.1 km drive to Somnath Jyotirlinga Temple,1882,2500,24.7,Restaurant,Somnath,Gir Somnath
Hotel Tulsi,3.6,Very Good,"Prabhas Patan, Somnath",1.9 km drive to Somnath Jyotirlinga Temple,863,1199,28.0,24-hour Room Service,Somnath,Gir Somnath
HOTEL SHIVAAY,2.9,Average,"Prabhas Patan, Somnath",7 minutes walk to Somnath Jyotirlinga Temple,2125,2500,15.0,24-hour Room Service,Somnath,Gir Somnath
SOIL TO SOUL TRINITY HOTEL A BOUTIQUE STAY,3.5,Very Good,"Prabhas Patan, Somnath",10 minutes walk to Somnath Jyotirlinga Temple,4488,5000,10.2,Restaurant,Somnath,Gir Somnath
LION PARK HOTEL AND RESORT,4.2,Very Good,"Jalondar, Sasan Gir",14.1 km from city centre,4843,8400,42.3,Swimming Pool,Somnath,Gir Somnath
The Grand dharti,3.8,Very Good,"Kodinar, Kodinar",,2200,2500,12.0,Restaurant,Somnath,Gir Somnath
Hotel Heritage,3.8,Very Good,"Veraval, Somnath",9.3 km drive to Somnath Jyotirlinga Temple,1670,3500,52.3,Restaurant,Somnath,Gir Somnath
Hotel Sukhnath,3.4,Good,"Prabhas Patan, Somnath",2.3 km drive to Somnath Jyotirlinga Temple,1734,1999,13.3,24-hour Room Service,Somnath,Gir Somnath
The Mango Resort,4.5,Excellent,"Talala, Sasan Gir",17.2 km from city centre,7389,10500,29.6,Swimming Pool,Somnath,Gir Somnath
HOTEL REVIVE,3.4,Good,"Veraval, Somnath",10.0 km drive to Somnath Jyotirlinga Temple,1387,1800,22.9,24-hour Room Service,Somnath,Gir Somnath
Hotel Somnath Sagar,3.7,Very Good,"Prabhas Patan, Somnath",2.0 km drive to Somnath Jyotirlinga Temple,1540,2000,23.0,Restaurant,Somnath,Gir Somnath
Super Hotel O Somnath,3.3,Good,"Somnath, Somnath",4.5 km drive to Somnath Jyotirlinga Temple,962,1775,45.8,Restaurant,Somnath,Gir Somnath
WET N WILD WATER PARK AND RESORT,3.6,Very Good,"Mendarda, Sasan Gir",23.7 km from city centre,2159,3000,28.0,Restaurant,Somnath,Gir Somnath
Hotel Raghav,3.3,Good,"Veraval, Somnath",6.8 km drive to Somnath Jyotirlinga Temple,963,1250,23.0,24-hour Room Service,Somnath,Gir Somnath
Hotel Shyam,3.1,Good,"Veraval, Somnath",7.1 km drive to Somnath Jyotirlinga Temple,1056,1299,18.7,Free Parking,Somnath,Gir Somnath
Sea Palace (100 Metre away from Diu),2.8,Average,"Ghoghola, Una",About a minute walk to Ghoghla beach,580,678,14.5,Luggage Storage,Somnath,Gir Somnath
Hotel Opera Sasan Gir,4.0,Very Good,"Mendarda, Sasan Gir",26.0 km from city centre,1275,2970,57.1,Restaurant,Somnath,Gir Somnath
Hotel Toran,2.0,Average,"Ghoghola, Una",10.0 km drive to Diu Airport (DIU),855,999,14.4,Luggage Storage,Somnath,Gir Somnath
Hotel Sunflower,3.9,Very Good,"Una, Una",,2138,2499,14.4,24-hour Room Service,Somnath,Gir Somnath
HOTEL RUDRAX,3.6,Very Good,"Una, Una",,1166,1800,35.2,24-hour Room Service,Somnath,Gir Somnath
Hotel Excel,3.0,Good,"Prabhas Patan, Somnath",910 m drive to Somnath Jyotirlinga Temple,820,1050,21.9,Lounge,Somnath,Gir Somnath
Hotel Kruti,3.0,Good,"Somnath, Somnath",3.5 km drive to Somnath Jyotirlinga Temple,1283,1500,14.5,Restaurant,Somnath,Gir Somnath
Hotel Rajdev,3.4,Good,"Veraval, Somnath",6.9 km drive to Somnath Jyotirlinga Temple,1027,1200,14.4,24-hour Room Service,Somnath,Gir Somnath
Hotel Shivsadan,3.0,Good,"Prabhas Patan, Somnath",7 minutes walk to Somnath Jyotirlinga Temple,1107,1362,18.7,Butler Services,Somnath,Gir Somnath
The Grand Somnath,3.6,Very Good,"Bhalpara Part, Somnath",6.5 km drive to Somnath Jyotirlinga Temple,1540,1800,14.4,Indoor Games,Somnath,Gir Somnath
Hotel Jayraj,2.2,Average,"Kodinar, Kodinar",,901,1600,43.7,24-hour Room Service,Somnath,Gir Somnath
Hotel Woodland,3.0,Good,"Veraval, Somnath",8.1 km drive to Somnath Jyotirlinga Temple,3931,4500,12.6,Bonfire,Somnath,Gir Somnath
Hotel Shree Somnath..,2.3,Average,"Prabhas Patan, Somnath",2.7 km drive to Somnath Jyotirlinga Temple,1041,1200,13.2,24-hour Room Service,Somnath,Gir Somnath
Hotel Amrut Inn Hospitalities,4.5,Excellent,"Mathasuriya, Somnath",2.7 km drive to Somnath Jyotirlinga Temple,1125,1650,31.8,Restaurant,Somnath,Gir Somnath
Hotel Comfort Holiday,1.7,Poor,"Ghoghola, Una",About a minute walk to Ghoghla beach,1504,1850,18.7,24-hour Room Service,Somnath,Gir Somnath
Hotel Rakesh,3.2,Good,"Prabhas Patan, Somnath",2.0 km drive to Somnath Jyotirlinga Temple,1078,1400,23.0,24-hour Room Service,Somnath,Gir Somnath
Shree Sai Guest House,3.5,Very Good,"Kodinar, Kodinar",,1111,1299,14.5,Restaurant,Somnath,Gir Somnath
Hotel Bansi,3.3,Good,"Ghoghola, Una",About a minute walk to Ghoghla beach,1711,2000,14.4,Living Room,Somnath,Gir Somnath
Hotel Vrinda,3.2,Good,"Una, Una",,1471,1719,14.4,Kids Play Area,Somnath,Gir Somnath
Hotel The 38 (Three Eight),2.0,Average,"Prabhas Patan, Somnath",2.3 km drive to Somnath Jyotirlinga Temple,1711,2000,14.4,24-hour Room Service,Somnath,Gir Somnath
THE LEAF GIR FOREST LODGE,3.5,Very Good,"Mendarda, Sasan Gir",23.7 km from city centre,6283,7000,10.2,Swimming Pool,Somnath,Gir Somnath
Hotel SRM,3.5,Very Good,"Sutrapada, Sutrapada",,1198,1400,14.4,24-hour Room Service,Somnath,Gir Somnath
Shree Cottages,4.1,Very Good,"Talala, Sasan Gir",19.6 km from Gir Somnath,2447,2900,15.6,Swimming Pool,Somnath,Gir Somnath
Hotel Aditya,2.3,Average,"Talala, Sasan Gir",19.8 km from Gir Somnath,1796,2500,28.2,Restaurant,Somnath,Gir Somnath
The Gir Harmony Hotel,3.5,Very Good,"Talala, Sasan Gir",20.0 km from Gir Somnath,1282,2200,41.7,Jungle Safari,Somnath,Gir Somnath
Hotel Daksh,3.5,Very Good,"Talala, Sasan Gir",21.0 km from Gir Somnath,832,1400,40.6,24-hour Room Service,Somnath,Gir Somnath
Hotel Morry'z,2.3,Average,"Talala, Sasan Gir",21.3 km from Gir Somnath,1027,1200,14.4,24-hour Room Service,Somnath,Gir Somnath
Bhavin Guest House,3.5,Very Good,"Talala, Sasan Gir",21.3 km from Gir Somnath,1283,1500,14.5,24-hour Room Service,Somnath,Gir Somnath
Hotel SR Radhey KIM,4.3,Excellent,"Zankhvav, Zankhvav",,1091,1600,31.8,24-hour Room Service,Surat,Surat
Click Hotel Yuvraj Surat (Formerly known as Best Western Yuvraj Surat),3.8,Very Good,"Haripura, Surat",2.6 km drive to Kiran Hospital,2790,3100,10.0,Spa,Surat,Surat
Purple Beds by VITS Dwarkesh,4.0,Very Good,"Varachha Road, Surat",2.1 km drive to Kiran Hospital,1991,2110,5.6,Restaurant,Surat,Surat
Ginger Surat,3.5,Very Good,"Piplod, Surat",2.0 km drive to Rebounce! Fun Toh Yahaan Hai,1799,1799,0.0,Gym,Surat,Surat
Rajhans Feriado,4.1,Very Good,"Olpad, Olpad",,4404,6600,33.3,Swimming Pool,Surat,Surat
TIRUPATI RESIDENCY,3.8,Very Good,"Ring Road, Surat",3.0 km drive to Kiran Hospital,1312,1600,18.0,Restaurant,Surat,Surat
Tirupati International,3.9,Very Good,"Ring Road, Surat",2.4 km drive to Kiran Hospital,1791,2200,18.6,Restaurant,Surat,Surat
HOTEL SHAGUN - ROOMS & BANQUET,3.8,Very Good,"Piplod, Surat",2.1 km drive to Rebounce! Fun Toh Yahaan Hai,1218,1969,38.1,Restaurant,Surat,Surat
Ginger Surat,3.4,Good,"Laldarwaja, Surat",2.3 km drive to Kiran Hospital,1499,1499,0.0,Restaurant,Surat,Surat
The Byke Embassy - Surat,3.9,Very Good,"Laldarwaja, Surat",2.3 km drive to Kiran Hospital,1899,3000,36.7,24-hour Room Service,Surat,Surat
Lords Plaza Surat,3.7,Very Good,"Begampura, Surat",6 minutes walk to Surat City Cb Railway Station,5800,5800,0.0,Jacuzzi,Surat,Surat
The World Surat,4.4,Excellent,"Shakti Nagar, Surat",,6736,7450,9.6,Swimming Pool,Surat,Surat
Hotel Sadbhav Villa,3.9,Very Good,"Adajan Gam, Surat",,3809,6600,42.3,Restaurant,Surat,Surat
The Amore Surat,3.9,Very Good,"Rundh Magdalla, Surat",1.6 km drive to Rebounce! Fun Toh Yahaan Hai,3566,4999,28.7,Caretaker,Surat,Surat
Hotel Pearl Residency,4.4,Excellent,"Begampura, Surat",3.0 km drive to Kiran Hospital,1134,4000,71.6,24-hour Room Service,Surat,Surat
Courtyard by Marriott Surat,4.3,Excellent,"Bhatpore, Surat",7.9 km drive to Surat International Airport,8750,8750,0.0,Swimming Pool,Surat,Surat
Elite Room & Banquet,3.9,Very Good,"Vesu, Surat",1.6 km drive to Rebounce! Fun Toh Yahaan Hai,1288,2100,38.7,24-hour Room Service,Surat,Surat
Park Inn by Radisson Surat,4.4,Excellent,"Adajan Gam, Surat",,8899,8899,0.0,Gym,Surat,Surat
The Weekend Address,3.5,Very Good,"Dumas, Surat",3.3 km drive to Surat International Airport,2500,7772,67.8,Jacuzzi,Surat,Surat
Rajhans Belliza | Apartments Units,4.2,Very Good,"Dumas, Surat",,3333,5604,40.5,Shared Swimming Pool,Surat,Surat
Hotel Avalon,4.1,Very Good,"Haripura, Surat",2.7 km drive to Kiran Hospital,2224,4500,50.6,Restaurant,Surat,Surat
Vetro Inn,4.1,Very Good,"Sumul Dairy Road, Surat",1.9 km drive to Kiran Hospital,2329,5159,54.9,Restaurant,Surat,Surat
Hotel Elements,4.2,Very Good,"Haripura, Surat",2.6 km drive to Kiran Hospital,2684,4000,32.9,Restaurant,Surat,Surat
Ramee International Surat,4.0,Very Good,"Adajan Gam, Surat",,6584,9099,27.6,Jacuzzi,Surat,Surat
GreenOtel Rooms,3.8,Very Good,"Surat, Surat",18.6 km from city centre,1271,2559,50.3,Restaurant,Surat,Surat
ORANGE MEGASTRUCTURE LLP,3.9,Very Good,"Surat, Surat",2.5 km drive to Rebounce! Fun Toh Yahaan Hai,5509,6499,15.2,Spa,Surat,Surat
Surat Marriott Hotel,4.3,Excellent,"Athwa, Surat",9.5 km drive to Surat International Airport,9100,9100,0.0,Spa,Surat,Surat
Hotel Rest Inn,3.7,Very Good,"Begampura, Surat",2.9 km drive to Kiran Hospital,1532,3199,52.1,24-hour Room Service,Surat,Surat
Hotel King's Heritage,3.9,Very Good,"Haripura, Surat",2.6 km drive to Kiran Hospital,2671,4000,33.2,Restaurant,Surat,Surat
Weekend Address By Honest Homes,3.7,Very Good,"Dumas, Surat",3.2 km drive to Surat International Airport,2104,5500,61.7,Swimming Pool,Surat,Surat
Honest Homes| Rajhans belliza Apartment Units,3.6,Very Good,"Dumas, Surat",3.2 km drive to Surat International Airport,2026,6300,67.8,Shared Swimming Pool,Surat,Surat
Hotel Sarita,4.0,Very Good,"Unapani Road, Surat",3.0 km drive to Kiran Hospital,1193,2419,50.7,Fireplace,Surat,Surat
Hotel Ostria,3.8,Very Good,"Begampura, Surat",3.0 km drive to Kiran Hospital,1472,2700,45.5,24-hour Room Service,Surat,Surat
Super Collection O Adajan Surat formerly Sky Palace,4.1,Very Good,"Pankaj Nagar, Surat",,1345,2482,45.8,24-hour Room Service,Surat,Surat
Royal Rituals,4.0,Very Good,"Vesu, Surat",2.2 km drive to Rebounce! Fun Toh Yahaan Hai,1743,3200,45.5,Fireplace,Surat,Surat
Zip By Spree Hotels Surat,3.5,Very Good,"Bharthana, Surat",7.9 km drive to Surat International Airport,2542,4079,37.7,Restaurant,Surat,Surat
New City Light Hotel,3.7,Very Good,"Althan, Surat",9.0 km drive to Surat International Airport,923,1600,42.3,Jacuzzi,Surat,Surat
HOTEL THE PARKER INN BY KBNT GROUP,3.4,Good,"Palanpur Gam, Surat",,1389,3199,56.6,24-hour Room Service,Surat,Surat
Central Beacon Hotel,3.5,Very Good,"Laldarwaja, Surat",2.3 km drive to Kiran Hospital,2662,3899,31.7,Spa,Surat,Surat
Sanskruti GREENLAND RESORT,3.6,Very Good,"Baleshwar, Palsana",,4782,6000,20.3,Restaurant,Surat,Surat
Hotel El Magnifico,4.3,Excellent,"Laldarwaja, Surat",2.2 km drive to Kiran Hospital,2287,3350,31.7,Restaurant,Surat,Surat
Hotel Signature,3.9,Very Good,"Haripura, Surat",6 minutes walk to Surat City Cb Railway Station,1349,2199,38.7,24-hour Room Service,Surat,Surat
Super Collection O Adajan Near Western Business Hub,3.7,Very Good,"Adajan Gam, Surat",,1233,2275,45.8,Fireplace,Surat,Surat
Hotel Apex Surat,4.1,Very Good,"Begampura, Surat",6 minutes walk to Surat City Cb Railway Station,1773,4400,59.7,Restaurant,Surat,Surat
Super Collection O Adajan formerly Royal Paradise,4.0,Very Good,"Palanpur Gam, Surat",,953,2236,57.4,24-hour Room Service,Surat,Surat
Hotel Yadgar,4.0,Very Good,"Laldarwaja, Surat",2.2 km drive to Kiran Hospital,1367,2350,41.8,24-hour Room Service,Surat,Surat
Private Suite Room Weekend Address,3.8,Very Good,"Dumas, Surat",,3877,9404,58.8,Swimming Pool,Surat,Surat
Hotel O Lotus,1.2,Poor,"Bardoli, Bardoli",,834,1539,45.8,24-hour Room Service,Surat,Surat
Super Hotel O Dindoli Surat formerly Hotel Bluestone,3.9,Very Good,"Karadva Gam, Surat",,1060,1954,45.8,24-hour Room Service,Surat,Surat
Lavish 1BHK at Rajhans Belliza,3.7,Very Good,"Dumas, Surat",3.2 km drive to Surat International Airport,2053,3000,31.6,Private Kitchen,Surat,Surat
Hotel Czar Inn,3.3,Good,"Bhimrad, Surat",7.7 km drive to Surat International Airport,1602,2000,19.9,Caretaker,Surat,Surat
Super Hotel O World View,4.3,Excellent,"Kamrej, Kamrej",,1145,2546,55.0,24-hour Room Service,Surat,Surat
Hotel Ritz Vesu,4.0,Very Good,"Vesu, Surat",2.4 km drive to Rebounce! Fun Toh Yahaan Hai,1269,2200,42.3,24-hour Room Service,Surat,Surat
Super Hotel O Bhimrad Althan Road formerly Hotel Khushi,3.9,Very Good,"Bhimrad, Surat",9.6 km drive to Surat International Airport,1055,1948,45.8,24-hour Room Service,Surat,Surat
Hotel Grand Pragati,3.8,Very Good,"Haripura, Surat",2.8 km drive to Kiran Hospital,1542,3869,60.1,Gym,Surat,Surat
Hotel Serene Stay,3.8,Very Good,"Palanpur Gam, Surat",,818,1200,31.8,Restaurant,Surat,Surat
Hotel Galaxy,3.7,Very Good,"Begampura, Surat",3.0 km drive to Kiran Hospital,1292,1680,23.1,24-hour Room Service,Surat,Surat
Hotel Royal Treat,3.8,Very Good,"Haripura, Surat",2.9 km drive to Kiran Hospital,1540,3000,48.7,24-hour Room Service,Surat,Surat
Budget Inn Bellevue,4.1,Very Good,"Sumul Dairy Road, Surat",1.8 km drive to Kiran Hospital,3475,3950,12.0,Restaurant,Surat,Surat
Hotel Satkar,3.9,Very Good,"Haripura, Surat",2.7 km drive to Kiran Hospital,1737,2499,30.5,Fireplace,Surat,Surat
Hotel J B,3.3,Good,"Varachha, Surat",2.8 km drive to Kiran Hospital,910,1300,30.0,24-hour Room Service,Surat,Surat
The Park Infinity,3.3,Good,"Bhimrad, Surat",8.9 km drive to Surat International Airport,1532,2699,43.2,Restaurant,Surat,Surat
Hotel Limra,3.9,Very Good,"Haripura, Surat",2.6 km drive to Kiran Hospital,1576,3500,55.0,Gym,Surat,Surat
Hotel Sapphire 26,4.4,Excellent,"Varachha Road, Surat",2.1 km drive to Kiran Hospital,1801,3800,52.6,Restaurant,Surat,Surat
Hotel Relax Inn,3.3,Good,"Ring Road, Surat",2.9 km drive to Kiran Hospital,927,1700,45.5,24-hour Room Service,Surat,Surat
VHHS Studio Apartment in Weekend Address,4.5,Excellent,"Dumas, Surat",3.2 km drive to Surat International Airport,1791,2300,22.1,Shared Swimming Pool,Surat,Surat
Hotel The Excellency,3.8,Very Good,"Ichchhapor, Surat",13.1 km from city centre,2427,2900,16.3,Restaurant,Surat,Surat
Collection O Laxmi Kuber,2.3,Average,"Kamrej, Kamrej",,1158,2138,45.8,24-hour Room Service,Surat,Surat
Hotel diamond 26,4.2,Very Good,"Varachha Road, Surat",2.1 km drive to Kiran Hospital,2393,3500,31.6,Restaurant,Surat,Surat
WEEKEND STAYS,4.7,Excellent,"Dumas, Surat",3.2 km drive to Surat International Airport,2392,3200,25.2,Air Conditioning,Surat,Surat
Hotel Regency,3.3,Good,"Varachha Road, Surat",2.1 km drive to Kiran Hospital,1280,2300,44.3,24-hour Room Service,Surat,Surat
Hotel Amisha International,3.8,Very Good,"Haripura, Surat",2.5 km drive to Kiran Hospital,2379,4300,44.7,Restaurant,Surat,Surat
THE TRAVELLER HOME HOTEL,3.2,Good,"Adajan Gam, Surat",,1347,3500,61.5,24-hour Room Service,Surat,Surat
Hotel Orange,3.1,Good,"Vesu, Surat",1.4 km drive to Rebounce! Fun Toh Yahaan Hai,861,1600,46.2,24-hour Room Service,Surat,Surat
Hotel Alfa Surat,3.7,Very Good,"Laldarwaja, Surat",2.2 km drive to Kiran Hospital,1295,1999,35.2,24-hour Room Service,Surat,Surat
Hotel R B Residency,3.6,Very Good,"Laldarwaja, Surat",2.2 km drive to Kiran Hospital,1300,1300,0.0,Restaurant,Surat,Surat
WowStay at Weekend Address,4.0,Very Good,"Dumas, Surat",3.2 km drive to Surat International Airport,1245,1499,16.9,Caretaker,Surat,Surat
Super Collection O Palanpor Surat,4.3,Excellent,"Palanpur Gam, Surat",,815,1504,45.8,24-hour Room Service,Surat,Surat
Hotel Hinduja Empire,3.8,Very Good,"Athwa, Surat",8.5 km drive to Surat International Airport,1166,1900,38.6,Restaurant,Surat,Surat
Super Hotel O Althan Surat,3.7,Very Good,"Udhna Zone, Surat",10.0 km drive to Surat International Airport,1356,2504,45.8,24-hour Room Service,Surat,Surat
Hotel Royal Accord,3.7,Very Good,"Adajan Patiya, Surat",7 minutes walk to Adajan Bus Port,1387,1799,22.9,Restaurant,Surat,Surat
Hotel Citadel,3.8,Very Good,"Parvat Patiya, Surat",,1431,2099,31.8,24-hour Room Service,Surat,Surat
YOG HOTEL,3.5,Very Good,"Singanpor, Surat",2.7 km drive to Kiran Hospital,855,999,14.4,Restaurant,Surat,Surat
Hotel Privya Rooms and banquet,3.2,Good,"Adajan Gam, Surat",,1711,3899,56.1,24-hour Room Service,Surat,Surat
Itsy Hotels Natasha,3.4,Good,"Bhimrad, Surat",8.7 km drive to Surat International Airport,1413,3822,63.0,24-hour Room Service,Surat,Surat
HOTEL THE VITAL,3.8,Very Good,"Pal Gam, Surat",,1407,2699,47.9,24-hour Room Service,Surat,Surat
The Grand Murli,4.3,Excellent,"Athwa, Surat",9.0 km drive to Surat International Airport,3095,4300,28.0,24-hour Room Service,Surat,Surat
7 Orbit Hotel,4.1,Very Good,"Laldarwaja, Surat",2.4 km drive to Kiran Hospital,2582,4199,38.5,Restaurant,Surat,Surat
HOTEL DE GLANCE,4.4,Excellent,"Unapani Road, Surat",2.4 km drive to Kiran Hospital,3569,7452,52.1,Gym,Surat,Surat
HOTEL LE GRAND,4.0,Very Good,"Haripura, Surat",6 minutes walk to Surat City Cb Railway Station,2079,4699,55.8,Restaurant,Surat,Surat
Baghban Kratos Club,3.7,Very Good,"Adajan Gam, Surat",,3494,4000,12.6,Spa,Surat,Surat
Hotel Hospice,3.7,Very Good,"Khodiyar Nagar, Surat",2.8 km drive to Kiran Hospital,2527,2660,5.0,Restaurant,Surat,Surat
Treebo Urban,4.1,Very Good,"Unapani Road, Surat",2.6 km drive to Kiran Hospital,1847,4996,63.0,Restaurant,Surat,Surat
Hotel Apple Palace,2.3,Average,"Vesu, Surat",2.5 km drive to Rebounce! Fun Toh Yahaan Hai,1788,2090,14.4,24-hour Room Service,Surat,Surat
FabHotel The Valentine - Udhna Road,2.4,Average,"Karadva Gam, Surat",,1317,3145,58.1,Restaurant,Surat,Surat
Hotel Kingdom Surat,3.5,Very Good,"Shakti Nagar, Surat",,2184,2500,12.6,Gym,Surat,Surat
Hotel Unicorn,2.7,Average,"Vesu, Surat",2.3 km drive to Rebounce! Fun Toh Yahaan Hai,1219,2299,47.0,Restaurant,Surat,Surat
Pacific Inn Hotel,3.3,Good,"Kamrej 1, Kamrej",,1711,2000,14.4,24-hour Room Service,Surat,Surat
Hotel Day Night Stay,2.8,Average,"Kadodara, Palsana",,554,799,30.7,Butler Services,Surat,Surat
Hotel Sai Neel,4.0,Very Good,"Ichchhapor, Surat",13.2 km from city centre,2230,3500,36.3,Restaurant,Surat,Surat
Hotel 4 Seasons,3.4,Good,"Palanpur Gam, Surat",,1848,2160,14.4,24-hour Room Service,Surat,Surat
Studio Apartment Weekend Address Manged By Remsons Hospitality,3.0,Good,"Dumas, Surat",3.1 km drive to Surat International Airport,1948,3500,44.3,CCTV,Surat,Surat
hotel pleasure,4.1,Very Good,"Yogidhara Society, Surat",,910,1200,24.2,24-hour Room Service,Surat,Surat
Hotel Sheetal Plaza,4.0,Very Good,"Varachha, Surat",2.6 km drive to Kiran Hospital,1844,2999,38.5,24-hour Room Service,Surat,Surat
Gold Palace Inn Banquet,4.3,Excellent,"Palanpur Gam, Surat",,1539,2799,45.0,Restaurant,Surat,Surat
FabExpress Solitaire - Inside Solitaire Business Plaza,3.3,Good,"Palanpur Gam, Surat",,1139,3024,62.3,Restaurant,Surat,Surat
Hotel Prasang,3.3,Good,"Adajan, Surat",,1198,3000,60.1,24-hour Room Service,Surat,Surat
HOTEL CASA RIVA,3.2,Good,"Bhatpore, Surat",8.6 km drive to Surat International Airport,2605,4085,36.2,Swimming Pool,Surat,Surat
Hotel Suncity,3.4,Good,"Unapani Road, Surat",2.7 km drive to Kiran Hospital,1743,3499,50.2,24-hour Room Service,Surat,Surat
Hotel O Star galaxy,3.5,Very Good,"Dahin Nagar, Surat",,579,1068,45.8,24-hour Room Service,Surat,Surat
Hotel Diamond Plaza,3.6,Very Good,"Haripura, Surat",2.6 km drive to Kiran Hospital,1804,3500,48.5,Restaurant,Surat,Surat
Collection O Infini Palace,2.0,Average,"Udhna Zone, Surat",4 minutes walk to Udhana Teen Rasta Brts,1209,2232,45.8,24-hour Room Service,Surat,Surat
The Long D Hotel and Banquet Surat,3.5,Very Good,"Piplod, Surat",2.1 km drive to Rebounce! Fun Toh Yahaan Hai,4400,7099,38.0,Restaurant,Surat,Surat
Hotel Janta Inn,3.3,Good,"Ring Road, Surat",2.3 km drive to Kiran Hospital,1437,1680,14.5,24-hour Room Service,Surat,Surat
The Augusta Club & Resort,5.0,Excellent,"Pardi, Kamrej",,5013,6299,20.4,Gym,Surat,Surat
Super Hotel O VIP Road formerly Hotel Lotus,3.5,Very Good,"Bharthana, Surat",8.2 km drive to Surat International Airport,874,1832,52.3,24-hour Room Service,Surat,Surat
FabHotel Luxurious Inn - Nr. Galaxy Circle,2.7,Average,"Adajan, Surat",,1461,3293,55.6,Fireplace,Surat,Surat
Hotel Raj - Surat,3.3,Good,"Sumul Dairy Road, Surat",1.9 km drive to Kiran Hospital,1860,2200,15.5,24-hour Room Service,Surat,Surat
Hotel Akash,3.7,Very Good,"Laldarwaja, Surat",2.9 km drive to Kiran Hospital,1402,1850,24.2,24-hour Room Service,Surat,Surat
Hotel Dimple,2.9,Average,"Laldarwaja, Surat",3.0 km drive to Kiran Hospital,969,1400,30.8,24-hour Room Service,Surat,Surat
HOTEL BLUE ORCHID,3.1,Good,"Saroli, Surat",,935,1099,14.9,24-hour Room Service,Surat,Surat
Hotel New Platinum 9,4.7,Excellent,"Begampura, Surat",6 minutes walk to Surat City Cb Railway Station,1897,2899,34.6,24-hour Room Service,Surat,Surat
Meridian Hotel & Banquet,3.2,Good,"Vesu, Surat",1.4 km drive to Rebounce! Fun Toh Yahaan Hai,1852,3050,39.3,24-hour Room Service,Surat,Surat
Hotel Sahyog Baleshwar,4.8,Excellent,"Baleshwar, Palsana",,1023,1500,31.8,Restaurant,Surat,Surat
Hotel Zenith,3.7,Very Good,"Haripura, Surat",2.6 km drive to Kiran Hospital,1711,2000,14.4,24-hour Room Service,Surat,Surat
Motel Sunrise,3.2,Good,"Ichchhapor, Surat",13.7 km from city centre,941,1100,14.5,Kitchenette,Surat,Surat
FabHotel Prime Welcome Palace - Inside Chandni Chowk Complex,2.5,Average,"Piplod, Surat",5 minutes walk to Surat Bus Stand,2705,6097,55.6,Spa,Surat,Surat
Hotel Prime,4.5,Excellent,"Udhna Zone, Surat",4 minutes walk to Udhana Teen Rasta Brts,1954,2284,14.4,Restaurant,Surat,Surat
Hotel O Infinity,3.5,Very Good,"Palanpur Gam, Surat",,899,1670,46.2,24-hour Room Service,Surat,Surat
Hotel Balwas Surat,3.5,Very Good,"Ring Road, Surat",620 m drive to Surat Station,1283,1500,14.5,Restaurant,Surat,Surat
HOTEL NEXUS,3.3,Good,"Yogidhara Society, Surat",,684,799,14.4,24-hour Room Service,Surat,Surat
Hotel Good Stay,4.1,Very Good,"Varachha, Surat",2.6 km drive to Kiran Hospital,1840,2699,31.8,24-hour Room Service,Surat,Surat
Hotel Legend,3.8,Very Good,"Begampura, Surat",2.9 km drive to Kiran Hospital,1944,4299,54.8,Restaurant,Surat,Surat
HOTEL BHAGYODAY,3.8,Very Good,"Zankhvav, Zankhvav",,2271,2600,12.7,24-hour Room Service,Surat,Surat
Hotel Citizen - Near Surat Railway Station,3.9,Very Good,"Laldarwaja, Surat",2.3 km drive to Kiran Hospital,2002,2600,23.0,Restaurant,Surat,Surat
Hotel Gokul Solitaire,3.4,Good,"Vesu, Surat",2.3 km drive to Rebounce! Fun Toh Yahaan Hai,1097,2569,57.3,24-hour Room Service,Surat,Surat
Luxurious Studio Apartment at Rajhans Belliza,3.5,Very Good,"Surat, Surat",About a minute walk to Surat International Airport,2376,4000,40.6,Shared Swimming Pool,Surat,Surat
Hotel Parth,3.6,Very Good,"Begampura, Surat",2.9 km drive to Kiran Hospital,1227,1800,31.8,24-hour Room Service,Surat,Surat
YOLOFarms 920,3.5,Very Good,"Olpad, Olpad",4.8 km drive to Surat International Airport,9942,12000,17.2,Private Swimming Pool,Surat,Surat
Hotel Stay Inn,3.5,Very Good,"Begampura, Surat",2.9 km drive to Kiran Hospital,1314,2599,49.4,24-hour Room Service,Surat,Surat
Hotel Tulsi,4.1,Very Good,"Sanjay Nagar, Surat",,2359,3000,21.4,Restaurant,Surat,Surat
Hotel welcome,3.0,Good,"Bharthana, Surat",8.0 km drive to Surat International Airport,648,1500,56.8,24-hour Room Service,Surat,Surat
FabHotel Nidhivan - Nr.Sarvottam The Restaurant (250M),2.2,Average,"Udhna Zone, Surat",3 minutes walk to Udhana Teen Rasta Brts,1020,2437,58.1,Restaurant,Surat,Surat
Mandhas Club and Resort,3.5,Very Good,"Baleshwar, Palsana",,1711,2000,14.4,24-hour Room Service,Surat,Surat
Collection O Ospite Hotel,3.0,Good,"Unapani Road, Surat",2.7 km drive to Kiran Hospital,1086,2414,55.0,24-hour Room Service,Surat,Surat
Hotel Fiorafly Surat,3.6,Very Good,"Pankaj Nagar, Surat",,2621,3000,12.6,24-hour Room Service,Surat,Surat
FabHotel Happinex - Inside Atlanta business Hub,2.5,Average,"Bharthana, Surat",8.0 km drive to Surat International Airport,1327,3172,58.2,24-hour Room Service,Surat,Surat
Hotel Nirali,3.2,Good,"Bhimrad, Surat",2.2 km drive to Rebounce! Fun Toh Yahaan Hai,1027,1200,14.4,24-hour Room Service,Surat,Surat
Hotel Bawa Inn,3.5,Very Good,"Mughal Sarai, Surat",,3520,4030,12.7,Restaurant,Surat,Surat
Hotel Summit,3.0,Good,"Udhna Zone, Surat",,1540,1800,14.4,Restaurant,Surat,Surat
Shreeji Vatika,3.7,Very Good,"Piplod, Surat",1.6 km drive to Rebounce! Fun Toh Yahaan Hai,4691,5250,10.6,Restaurant,Surat,Surat
Hotel Oasis,3.9,Very Good,"Khodiyar Nagar, Surat",2.3 km drive to Kiran Hospital,2203,3400,35.2,Swimming Pool,Surat,Surat
HOTEL FORTUNE,3.3,Good,"Bhimrad, Surat",8.8 km drive to Surat International Airport,1687,2750,38.7,Restaurant,Surat,Surat
Hotel Merit,4.5,Excellent,"Laldarwaja, Surat",2.3 km drive to Kiran Hospital,1844,3019,38.9,Restaurant,Surat,Surat
Hotel Nest,3.2,Good,"Godadara, Surat",,769,899,14.5,24-hour Room Service,Surat,Surat
Collection O Dumas Rooms & Restaurant,2.5,Average,"Dumas, Surat",6.0 km drive to Surat International Airport,1003,1850,45.8,24-hour Room Service,Surat,Surat
The Fusion Hotel,2.6,Average,"L.P.Savani, Surat",,1796,2100,14.5,24-hour Room Service,Surat,Surat
KAVYA RESTRO,3.7,Very Good,"Palsana, Palsana",,1842,3000,38.6,24-hour Room Service,Surat,Surat
HOTEL LA LUXURY,2.9,Average,"Mota Varachha, Surat",,2772,3500,20.8,24-hour Room Service,Surat,Surat
Hotel LENNOX,3.9,Very Good,"Saroli, Surat",,1027,1200,14.4,24-hour Room Service,Surat,Surat
Hotel Golden Plaza,3.8,Very Good,"Begampura, Surat",6 minutes walk to Surat City Cb Railway Station,2359,2700,12.6,24-hour Room Service,Surat,Surat
Hotel Balaji Inn,3.5,Very Good,"Althan, Surat",9.0 km drive to Surat International Airport,1045,1599,34.6,24-hour Room Service,Surat,Surat
Hotel O Rose Palace,3.4,Good,"Bharthana, Surat",8.0 km drive to Surat International Airport,1110,2063,46.2,24-hour Room Service,Surat,Surat
Hotel Wow,3.0,Good,"Magob, Surat",,1519,2099,27.6,24-hour Room Service,Surat,Surat
FabHotel La Victoria - Galaxy Circle,2.8,Average,"Adajan Gam, Surat",,2336,5585,58.2,Restaurant,Surat,Surat
La Casa Club & Resort,3.6,Very Good,"Palsana, Palsana",,4870,5499,11.4,Jacuzzi,Surat,Surat
Hotel O DAY NIGHT ROOMS,2.9,Average,"Udhna Zone, Surat",,579,1068,45.8,24-hour Room Service,Surat,Surat
Hotel Royal Plaza,3.5,Very Good,"Kamrej 1, Kamrej",,1363,1999,31.8,Restaurant,Surat,Surat
Hotel Orange Rooms,3.5,Very Good,"Vesu, Surat",1.2 km drive to Rebounce! Fun Toh Yahaan Hai,1069,1250,14.5,24-hour Room Service,Surat,Surat
Hotel Way Wait,3.5,Very Good,"Kadodara, Palsana",,4428,5000,11.4,24-hour Room Service,Surat,Surat
NIRAANT HOTEL,2.3,Average,"Pal Gam, Surat",,2621,3000,12.6,Butler Services,Surat,Surat
Hotel Skylawn,2.4,Average,"Laldarwaja, Surat",2.1 km drive to Kiran Hospital,2359,3000,21.4,Restaurant,Surat,Surat
HOTEL SARVOTTAM,4.1,Very Good,"Palsana, Palsana",,1274,1489,14.4,24-hour Room Service,Surat,Surat
Hotel Gokuldham,2.6,Average,"Rundh Magdalla, Surat",1.2 km drive to Rebounce! Fun Toh Yahaan Hai,1339,2719,50.8,Indoor Games,Surat,Surat
Hotel Suraj Inn,3.0,Good,"Haripura, Surat",6 minutes walk to Surat City Cb Railway Station,1788,2200,18.7,Restaurant,Surat,Surat
HOTEL REGENTS,3.7,Very Good,"Kadodara, Palsana",,1472,2399,38.6,Restaurant,Surat,Surat
Hotel O Ripple Mall,3.0,Good,"Piplod, Surat",2.2 km drive to Rebounce! Fun Toh Yahaan Hai,1289,2395,46.2,24-hour Room Service,Surat,Surat
Hotel O Lotus Hotel,3.2,Good,"Nana Varachha, Surat",,986,1832,46.2,24-hour Room Service,Surat,Surat
Super Collection O Vesu Surat formerly Hotel Signature,2.6,Average,"Vesu, Surat",4 minutes walk to Rebounce! Fun Toh Yahaan Hai,1041,2182,52.3,24-hour Room Service,Surat,Surat
Hotel Decent,3.5,Very Good,"Haripura, Surat",6 minutes walk to Surat City Cb Railway Station,1454,1700,14.5,Fireplace,Surat,Surat
FabHotel 7 Star I,1.8,Poor,"Unapani Road, Surat",2.7 km drive to Kiran Hospital,1245,2806,55.6,Fireplace,Surat,Surat
Hotel Cozzy Palace.,3.0,Good,"Vesu, Surat",4 minutes walk to Rebounce! Fun Toh Yahaan Hai,1154,1650,30.1,Reception,Surat,Surat
Rajhans Belliza Luxurious Studio Apartment,4.0,Very Good,"Dumas, Surat",3.2 km drive to Surat International Airport,2549,4284,40.5,Shared Swimming Pool,Surat,Surat
DWARKADHISH HOTEL PALSANA,3.5,Very Good,"Palsana, Palsana",,2184,2500,12.6,24-hour Room Service,Surat,Surat
Pool View Apartments Managed Rhoof Hospitality,3.8,Very Good,"Dumas, Surat",3.2 km drive to Surat International Airport,3135,8799,64.4,Jacuzzi,Surat,Surat
Hotel Dream Palace,3.5,Very Good,"Bhatha, Surat",,1112,1300,14.5,24-hour Room Service,Surat,Surat
Townhouse Lotus,3.5,Very Good,"Laxmi Nagar, Surat",,1233,2291,46.2,24-hour Room Service,Surat,Surat
HOTEL SANTERIA INN,2.8,Average,"Kosad Gam, Surat",,858,1450,40.8,Restaurant,Surat,Surat
Hotel Golden City,3.6,Very Good,"Pal Gam, Surat",,1387,1799,22.9,24-hour Room Service,Surat,Surat
Hotel Sahyog,2.2,Average,"Palsana, Palsana",,1034,1200,13.8,Restaurant,Surat,Surat
Hotel O Cozy Rooms,2.2,Average,"Bharthana, Surat",8.0 km drive to Surat International Airport,793,1463,45.8,24-hour Room Service,Surat,Surat
FabHotel Vrundavan - Nr. Sargam Shopping Center (350M),2.0,Average,"Athwa, Surat",8.7 km drive to Surat International Airport,1378,3657,62.3,Restaurant,Surat,Surat
Hotel Horizon Surat,3.5,Very Good,"Kadodara, Palsana",,1380,2700,48.9,Restaurant,Surat,Surat
Luxury 2BHK Apartments at Rajhans Belliza | Near Airport,3.4,Good,"Dumas, Surat",3.2 km drive to Surat International Airport,2251,3700,39.2,Shared Swimming Pool,Surat,Surat
P.C Homes Rajhans Belliza Entire Apartment,4.0,Very Good,"Dumas, Surat",3.2 km drive to Surat International Airport,2344,3200,26.8,Shared Swimming Pool,Surat,Surat
Hotel Elegant inn,3.5,Very Good,"Vesu, Surat",6 minutes walk to Rebounce! Fun Toh Yahaan Hai,1424,2219,35.8,24-hour Room Service,Surat,Surat
Golden Hotel Rooms,3.0,Good,"Magob, Surat",,1300,1599,18.7,24-hour Room Service,Surat,Surat
Silver Stone Bunglows,4.2,Very Good,"Baleshwar, Palsana",,3454,5500,37.2,Shared Swimming Pool,Surat,Surat
FabHotel Code - Nr.Shrungal Hills apartments (140M),2.9,Average,"Bhimrad, Surat",9.6 km drive to Surat International Airport,1265,3024,58.2,Restaurant,Surat,Surat
Hotel O Delight Inn,3.5,Very Good,"Karadva Gam, Surat",,679,1509,55.0,24-hour Room Service,Surat,Surat
Jeel Elite Inn,2.9,Average,"Dumas, Surat",3.2 km drive to Surat International Airport,2201,4500,51.1,Swimming Pool,Surat,Surat
Super Hotel O Shree Laxmi Kuber,3.5,Very Good,"Kosad Gam, Surat",,917,1693,45.8,24-hour Room Service,Surat,Surat
Collection O The Valentine Hotel,2.7,Average,"Karadva Gam, Surat",,1456,2688,45.8,Lounge,Surat,Surat
Hotel O The ANCITA,3.5,Very Good,"Yogidhara Society, Surat",,1291,2398,46.2,24-hour Room Service,Surat,Surat
Hotel the grand radhey ( TGR),3.5,Very Good,"Kamrej, Kamrej",,1282,1499,14.5,Lounge,Surat,Surat
Hotel Vijyalaxmi Rooms and Banquet Hall,3.7,Very Good,"Vesu, Surat",1.6 km drive to Rebounce! Fun Toh Yahaan Hai,2174,4399,50.6,Restaurant,Surat,Surat
Weekend Address managed by Global Hospitality,2.6,Average,"Dumas, Surat",,2493,3400,26.7,Private Swimming Pool,Surat,Surat
Weekend Address by Global Hospitality,3.2,Good,"Dumas, Surat",,2200,3000,26.7,Swimming Pool,Surat,Surat
Hotel Shree Shiv Shakti,2.7,Average,"Baleshwar, Palsana",,1497,1750,14.5,24-hour Room Service,Surat,Surat
Hotel O Genius In Rooms,3.5,Very Good,"Bharthana, Surat",7.9 km drive to Surat International Airport,605,1268,52.3,24-hour Room Service,Surat,Surat
WEEKEND ADDRESS | STUDIO ROOMS,3.0,Good,"Dumas, Surat",3.2 km drive to Surat International Airport,2721,4000,32.0,Gym,Surat,Surat
Palette Country Club Surat,3.5,Very Good,"Adajan Gam, Surat",,1254,2545,50.7,Restaurant,Surat,Surat
Hotel Parash Inn,3.5,Very Good,"Patel Nagar, Surat",1.4 km drive to Kiran Hospital,1027,1200,14.4,24-hour Room Service,Surat,Surat
HOTEL CROWN PALACE,3.1,Good,"Adajan Gam, Surat",,1525,2499,39.0,Jacuzzi,Surat,Surat
Hotel Maharaja,3.0,Good,"Ring Road, Surat",3.0 km drive to Kiran Hospital,682,1000,31.8,24-hour Room Service,Surat,Surat
Hotel Aaram,3.2,Good,"Ring Road, Surat",2.4 km drive to Kiran Hospital,784,1150,31.8,24-hour Room Service,Surat,Surat
HOTEL CASA DELLA,3.5,Very Good,"Adajan Gam, Surat",,1078,1800,40.1,24-hour Room Service,Surat,Surat
Hotel O 812340 Hotel Velvet Rooms,1.0,Poor,"Bharthana, Surat",8.1 km drive to Surat International Airport,579,1068,45.8,24-hour Room Service,Surat,Surat
FabHotel Rose Palace - Vesu,2.2,Average,"Bharthana, Surat",8.1 km drive to Surat International Airport,1245,2806,55.6,Fireplace,Surat,Surat
Hotel Glacier,1.7,Poor,"Palanpur Gam, Surat",,1092,1800,39.3,24-hour Room Service,Surat,Surat
Hotel O Galaxy,3.3,Good,"Rundh Magdalla, Surat",1.2 km drive to Rebounce! Fun Toh Yahaan Hai,834,1539,45.8,24-hour Room Service,Surat,Surat
Hotel We Rooms,3.5,Very Good,"Adajan Gam, Surat",,2141,3500,38.8,Jacuzzi,Surat,Surat
Hotel Royal Orbits ,3.5,Very Good,"Amroli, Surat",,1091,1600,31.8,24-hour Room Service,Surat,Surat
Hotel O Adajan formerly Blueberry Rooms,3.5,Very Good,"Palanpur Gam, Surat",,867,1818,52.3,24-hour Room Service,Surat,Surat
NIRAANT LUXURY HOTEL,1.4,Poor,"Dahin Nagar, Surat",,3057,3500,12.7,Restaurant,Surat,Surat
Hotel O IBIS Rooms,2.5,Average,"Bhimrad, Surat",9.2 km drive to Surat International Airport,834,1539,45.8,Restaurant,Surat,Surat
Hotel MATRU LAXMI,3.1,Good,"Begampura, Surat",2.9 km drive to Kiran Hospital,2159,3000,28.0,24-hour Room Service,Surat,Surat
Studio Homes,1.7,Poor,"Dumas, Surat",3.2 km drive to Surat International Airport,2214,2500,11.4,24-hour Room Service,Surat,Surat
Rajhans Belliza Service Apartment Units,2.9,Average,"Dumas, Surat",,2970,4500,34.0,Power Backup,Surat,Surat
Hotel O Atlanta Business Hub Surat,3.5,Very Good,"Bharthana, Surat",8.0 km drive to Surat International Airport,1304,1652,21.1,24-hour Room Service,Surat,Surat
Hotel O COMRADE ROOMS,3.5,Very Good,"Bharthana, Surat",7.7 km drive to Surat International Airport,1071,1977,45.8,24-hour Room Service,Surat,Surat
Hotel O Way Point,2.3,Average,"Dindoli, Surat",,579,1068,45.8,24-hour Room Service,Surat,Surat
hotel Ibis Rooms & PG,3.5,Very Good,"Bhimrad, Surat",9.5 km drive to Surat International Airport,1027,1200,14.4,24-hour Room Service,Surat,Surat
Hotel sahil,1.4,Poor,"Haripura, Surat",2.8 km drive to Kiran Hospital,4488,5000,10.2,Restaurant,Surat,Surat
Collection O De'pearl Hotel,2.5,Average,"Udhna Zone, Surat",,868,1602,45.8,24-hour Room Service,Surat,Surat
Hotel Shanti Sadan,3.5,Very Good,"Laldarwaja, Surat",2.4 km drive to Kiran Hospital,3580,4099,12.7,24-hour Room Service,Surat,Surat
Weekend Homes hosted by farmville,3.4,Good,"Dumas, Surat",,1810,3000,39.7,Caretaker,Surat,Surat
Rajhans Belliza Nest,3.4,Good,"Dumas, Surat",3.3 km drive to Surat International Airport,2832,3300,14.2,Shared Swimming Pool,Surat,Surat
Shree Murlidhar Guest house kamrej,2.9,Average,"Kamrej 1, Kamrej",,1069,1250,14.5,24-hour Room Service,Surat,Surat
Hotel Aavkar,3.5,Very Good,"Palsana, Palsana",,685,800,14.4,Kitchenette,Surat,Surat
Surat home stay,4.1,Very Good,"Patel Nagar, Surat",1.6 km drive to Kiran Hospital,2665,4000,33.4,Caretaker,Surat,Surat
Weekend Address | Studio Units,3.7,Very Good,"Dumas, Surat",3.2 km drive to Surat International Airport,2083,3499,40.5,Shared Swimming Pool,Surat,Surat
Hotel Tulsi,3.5,Very Good,"Amboli, Kamrej",,2184,2500,12.6,24-hour Room Service,Surat,Surat
Ambition Studio Apartment at Rajhans Belliza,3.9,Very Good,"Dumas, Surat",3.3 km drive to Surat International Airport,2107,2999,29.7,Shared Swimming Pool,Surat,Surat
Marigold banquet and rooms,1.3,Poor,"Vesu, Surat",2.9 km drive to Rebounce! Fun Toh Yahaan Hai,1318,2200,40.1,Air Conditioning,Surat,Surat
Murlidhar Guest House,3.1,Good,"Laldarwaja, Surat",2.3 km drive to Kiran Hospital,1625,2000,18.8,Living Room,Surat,Surat
SHRI GURUDEV LUXURIOUS AC DORMITORY,4.5,Excellent,Surat,2.5 km drive to Kiran Hospital,687,900,23.7,Air Conditioning,Surat,Surat
YOLOFarms 724,3.5,Very Good,"Olpad, Olpad",,4476,7000,36.1,Private Swimming Pool,Surat,Surat
Hotel Ripple,3.5,Very Good,"Piplod, Surat",2.1 km drive to Rebounce! Fun Toh Yahaan Hai,917,1200,23.6,Luggage Storage,Surat,Surat
Rajhans Belliza SSKF,3.5,Very Good,"Dumas, Surat",,4048,6000,32.5,Reception,Surat,Surat
HOTEL TGR ROOMS,3.5,Very Good,"Zankhvav, Zankhvav",,1023,1500,31.8,Restaurant,Surat,Surat
YOLOFarms 500,3.5,Very Good,"Dumas, Surat",5.6 km drive to Surat International Airport,4636,8000,42.0,Private Swimming Pool,Surat,Surat
Escape house,3.5,Very Good,"Baleshwar, Palsana",,7057,8000,11.8,Gym,Surat,Surat
YOLOFarms 325,3.5,Very Good,"Dumas, Surat",6.8 km drive to Surat International Airport,9470,15000,36.9,Private Swimming Pool,Surat,Surat
Saahil Farm Stay Surat | 3 BHK Farmhouse,3.5,Very Good,"Laxmi Nagar, Surat",,12580,16500,23.8,Shared Swimming Pool,Surat,Surat
Weekend addresss,2.7,Average,"Dumas, Surat",3.2 km drive to Surat International Airport,1781,2000,11.0,Gym,Surat,Surat
Silverstone Bungalow 3,3.5,Very Good,"Baleshwar, Palsana",,3989,5500,27.5,Shared Swimming Pool,Surat,Surat
Ambition studio apartment at weekend address,3.5,Very Good,"Dumas, Surat",,2243,3000,25.2,Shared Swimming Pool,Surat,Surat
Twin Tower Stay inn,2.9,Average,"Dumas, Surat",,4396,5500,20.1,Private Swimming Pool,Surat,Surat
v love hotel surat,3.5,Very Good,"Vesu, Surat",4 minutes walk to Rebounce! Fun Toh Yahaan Hai,1363,2000,31.8,Air Conditioning,Surat,Surat
Yash Dormitory Guest House,3.9,Very Good,"Laldarwaja, Surat",2.3 km drive to Kiran Hospital,842,1000,15.8,Seating Area,Surat,Surat
YOLOFarms 777,3.5,Very Good,"Kamrej, Kamrej",,12637,20000,36.8,Private Swimming Pool,Surat,Surat
Lotus Boutique Villa,4.6,Excellent,"Dumas, Surat",,7344,8500,13.6,Caretaker,Surat,Surat
Rajhans belliza home stay,3.0,Good,"Dumas, Surat",,3868,6700,42.3,Private Kitchen,Surat,Surat
Suvidha Ghar Dormitory,4.2,Very Good,"Khodiyar Nagar, Surat",,707,900,21.4,Living Room,Surat,Surat
Satellite Bungalows By SSKF,3.5,Very Good,"Dumas, Surat",2.2 km drive to Surat International Airport,6731,10000,32.7,Caretaker,Surat,Surat
Balaji AC Dormitory,4.1,Very Good,"Ring Road, Surat",2.4 km drive to Kiran Hospital,798,900,11.3,Restaurant,Surat,Surat
Lavish Studio Apertment at Weekend Address near Airport,2.4,Average,"Dumas, Surat",3.2 km drive to Surat International Airport,2485,3000,17.2,Shared Swimming Pool,Surat,Surat
Durga Bed and Breakfast,3.6,Very Good,"Adajan Gam, Surat",,1446,1998,27.6,Kitchenette,Surat,Surat
Villa In Surat - Greece Escape - Luxury Villa,3.5,Very Good,"Olpad, Olpad",,5291,7000,24.4,Air Conditioning,Surat,Surat
Regency Farmhouse 2 with Private Swimming Pool,3.5,Very Good,"Dumas, Surat",4.4 km drive to Surat International Airport,5224,8600,39.3,Air Conditioning,Surat,Surat
YOLOFarms 119,3.5,Very Good,"Olpad, Olpad",,6319,10000,36.8,Private Living Room,Surat,Surat
Shaurya villa managed by Ambition Villa,3.5,Very Good,"Surat, Surat",2.1 km drive to Surat International Airport,17605,25000,29.6,Caretaker,Surat,Surat
Hotel Nivya Rooms Mandvi,3.6,Very Good,"Mandvi, Surat, Mandvi, Surat",,999,1299,23.1,24-hour Room Service,Surat,Surat
YOLOFarms 623,3.5,Very Good,"Mandvi, Surat, Mandvi, Surat",,4476,7000,36.1,Private Swimming Pool,Surat,Surat
OYO Flagship Hotel Laksh View,3.5,Very Good,"Bhatha, Surat",,987,1821,45.8,24-hour Room Service,Surat,Surat
Hotel O Bharthana VIP Road Surat,3.5,Very Good,"Bharthana, Surat",8.0 km drive to Surat International Airport,859,1784,51.8,24-hour Room Service,Surat,Surat
Hotel Nova Stay,3.5,Very Good,"Vesu, Surat",970 m drive to Rebounce! Fun Toh Yahaan Hai,2184,2500,12.6,24-hour Room Service,Surat,Surat
A.K. Farmhouse,3.5,Very Good,"Navsari, Navsari",15.5 km from Surat District,9441,12000,21.3,Air Conditioning,Surat,Surat
YOLOFarms 747,3.5,Very Good,"Navsari, Navsari",18.7 km from Surat District,22096,35000,36.9,Private Swimming Pool,Surat,Surat
Chandan Van Club and Resort,4.0,Very Good,"Vijalpore, Navsari",20.8 km from Surat District,5237,8529,38.6,Swimming Pool,Surat,Surat
YOLOFarms 247,3.5,Very Good,"Navsari, Navsari",,13949,20000,30.3,Private Swimming Pool,Surat,Surat
Bhanu The Fern Forest Resort & Spa Jambughoda,4.3,Excellent,In Jambughoda,65.0 km from Rajpipla city centre,4682,7501,37.6,Spa,Vadodara,Vadodara
HOTEL HARMONY,4.0,Very Good,Near Vadodara Train Station,6 minutes walk to Vadora Cbo Railway Station,2807,4559,38.4,24-hour Room Service,Vadodara,Vadodara
Shagun Hotel,3.2,Good,Alkapuri,6 minutes walk to Vadodara Junction Railway Station,989,3249,69.6,Restaurant,Vadodara,Vadodara
Hotel Ace Grand,3.2,Good,Sayajigunj,4 minutes walk to Vadodara Junction Railway Station,1075,2199,51.1,Spa,Vadodara,Vadodara
Hotel Monville,4.3,Excellent,Bhaili,,1520,5900,74.2,Gym,Vadodara,Vadodara
Pride Biznotel Manjusar,3.7,Very Good,In Savli,25.0 km from Vadodara city centre,2139,2815,24.0,Gym,Vadodara,Vadodara
Ginger Vadodara,3.8,Very Good,Fatehgunj,4.1 km drive to Vadodara Airport,1799,1799,0.0,Gym,Vadodara,Vadodara
BEST WESTERN ALKAPURI,3.9,Very Good,Alkapuri,6.8 km drive to Vadodara Airport,3079,3900,21.1,Gym,Vadodara,Vadodara
Hotel Clarks Collection Vadodara - Near Bus Stand,3.9,Very Good,Alkapuri,6.8 km drive to Vadodara Airport,2001,2295,12.8,Gym,Vadodara,Vadodara
Click Hotel Vadodara (Near Railway Station),3.5,Very Good,Sayajigunj,4 minutes walk to Vadodara Junction Railway Station,3586,4749,24.5,Restaurant,Vadodara,Vadodara
Click White House Residency,3.9,Very Good,Bhayli,,2332,3550,34.3,Swimming Pool,Vadodara,Vadodara
Hotel Casa,3.8,Very Good,Fatehgunj,3.9 km drive to Vadodara Airport,1092,2400,54.5,24-hour Room Service,Vadodara,Vadodara
Hotel Rainbow,3.8,Very Good,Sayajigunj,5.2 km drive to Vadodara Airport,878,2799,68.6,Butler Services,Vadodara,Vadodara
Hotel President,4.0,Very Good,Sayajigunj,10 minutes walk to Vadodara Junction Railway Station,2632,5049,47.9,Restaurant,Vadodara,Vadodara
Regenta Fairlark Vadodara,4.2,Very Good,Bhayli,,2261,2500,9.6,Jacuzzi,Vadodara,Vadodara
Classic View Apartment,3.5,Very Good,Pratham Upvan,,2868,4000,28.3,Reception,Vadodara,Vadodara
Regenta Inn Vadodara,3.9,Very Good,Sayajigunj,3 minutes walk to Vadodara Bus station,2351,2600,9.6,Spa,Vadodara,Vadodara
Palette Hotel Surya,3.3,Good,Sayajigunj,4 minutes walk to Vadodara Junction Railway Station,2416,3721,35.1,Restaurant,Vadodara,Vadodara
Hotel Apex International,3.4,Good,Sayajigunj,6 minutes walk to Vadodara Junction Railway Station,1890,3400,44.4,Restaurant,Vadodara,Vadodara
Lemon Tree Hotel Vadodara,3.8,Very Good,Sayajigunj,7 minutes walk to Vadodara Junction Railway Station,2330,3000,22.3,Gym,Vadodara,Vadodara
Effotel by Sayaji Vadodara,4.3,Excellent,Sayajigunj,10 minutes walk to Vadodara Junction Railway Station,2700,2700,0.0,Gym,Vadodara,Vadodara
The Oasis Hotel,3.8,Very Good,Sayajigunj,4 minutes walk to Vadodara Junction Railway Station,1962,2999,34.6,Swimming Pool,Vadodara,Vadodara
Sayaji Vadodara,4.5,Excellent,Sayajigunj,10 minutes walk to Vadodara Junction Railway Station,4200,4200,0.0,Spa,Vadodara,Vadodara
Hyatt Place Bharuch,4.6,Excellent,In Bharuch,75.0 km from Vadodara city centre,7700,7700,0.0,Spa,Vadodara,Vadodara
The Sky Imperial Hotel Yahvi,3.8,Very Good,Haripura,8.8 km drive to Vadodara Airport,2012,2600,22.6,Lounge,Vadodara,Vadodara
Fortune Inn Promenade,4.3,Excellent,Akota,8.1 km drive to Vadodara Airport,4700,4700,0.0,Spa,Vadodara,Vadodara
Hotel Alankar Vadodara,3.8,Very Good,Sayajigunj,4 minutes walk to Vadodara Junction Railway Station,1480,1900,22.1,24-hour Room Service,Vadodara,Vadodara
Welcomhotel by ITC Hotels,4.3,Excellent,Alkapuri,6.9 km drive to Vadodara Airport,7500,7500,0.0,Swimming Pool,Vadodara,Vadodara
The Fern Residency Vadodara,3.9,Very Good,Sayajigunj,2 minutes walk to Vadodara Bus station,2439,6049,59.7,Gym,Vadodara,Vadodara
Hotel Yuvraj,3.7,Very Good,Sayajigunj,2 minutes walk to Vadodara Bus station,2822,5300,46.8,Swimming Pool,Vadodara,Vadodara
Tara Suns,4.3,Excellent,Gotri,8.8 km drive to Vadodara Airport,2735,5000,45.3,Gym,Vadodara,Vadodara
7 Apple Hotel,3.8,Very Good,Nizampura,5.4 km drive to Vadodara Airport,2752,2752,0.0,Restaurant,Vadodara,Vadodara
HOTEL ALPHA,3.7,Very Good,Sayajigunj,7 minutes walk to Vadodara Junction Railway Station,1151,1500,23.3,24-hour Room Service,Vadodara,Vadodara
Hotel Sai Miracle,3.5,Very Good,Alkapuri,10 minutes walk to Vadodara Junction Railway Station,7455,8999,17.2,Air Conditioning,Vadodara,Vadodara
Hotel Stellar,4.0,Very Good,Karelibaug,10 minutes walk to Vadodara Airport,1866,2500,25.4,Restaurant,Vadodara,Vadodara
The Fern,4.2,Very Good,Haripura,7.0 km drive to Vadodara Airport,3386,5599,39.5,Gym,Vadodara,Vadodara
Pride Biznotel Alkapuri,4.0,Very Good,Alkapuri,6.7 km drive to Vadodara Airport,4082,5055,19.2,Gym,Vadodara,Vadodara
Hotel GRG,3.5,Very Good,Alkapuri,6.8 km drive to Vadodara Airport,841,1185,29.0,24-hour Room Service,Vadodara,Vadodara
The Beacon Hotel Vadodara,4.0,Very Good,Haripura,7.0 km drive to Vadodara Airport,2030,4749,57.3,Restaurant,Vadodara,Vadodara
Royal Orchid Central Vadodara,4.2,Very Good,Akota,9.2 km drive to Vadodara Airport,4950,5500,10.0,Gym,Vadodara,Vadodara
Kabir Hotel & Spa,4.2,Very Good,Sevasi,,2842,4000,29.0,Spa,Vadodara,Vadodara
Grand Mercure Vadodara Surya Palace- An AccorHotels Brand,4.1,Very Good,Sayajigunj,8 minutes walk to Vadodara Junction Railway Station,4200,4200,0.0,Spa,Vadodara,Vadodara
NIRMAL HOMESTAY,3.5,Very Good,Moti Baug,6.2 km drive to Vadodara Airport,2705,4000,32.4,Shared Parking,Vadodara,Vadodara
Hyatt Place Vadodara,4.4,Excellent,Saiyed Vasna,,8499,8499,0.0,Swimming Pool,Vadodara,Vadodara
Hotel Ambassador,4.0,Very Good,Sayajigunj,4 minutes walk to Vadodara Junction Railway Station,1779,3299,46.1,24-hour Room Service,Vadodara,Vadodara
Fairfield by Marriott Vadodara,4.4,Excellent,Alkapuri,6.5 km drive to Vadodara Airport,5949,5949,0.0,Gym,Vadodara,Vadodara
Hotel Marigold,3.8,Very Good,Sayajigunj,4 minutes walk to Vadodara Junction Railway Station,1465,2299,36.3,Restaurant,Vadodara,Vadodara
Hotel Grand Darshan Vadodara,4.4,Excellent,NH 8,,3010,4999,39.8,Restaurant,Vadodara,Vadodara
Hotel Express Residency,4.0,Very Good,Alkapuri,6.4 km drive to Vadodara Airport,4512,5299,14.9,Gym,Vadodara,Vadodara
Banyan Paradise Resort,3.2,Good,NH 8,5.4 km drive to Vadodara Airport,3554,4500,21.0,Swimming Pool,Vadodara,Vadodara
In & Out Dormitory,3.9,Very Good,Sayajigunj,About a minute walk to Vadodara Bus station,883,1100,19.7,Living Room,Vadodara,Vadodara
Hotel Limra Vadodara,4.3,Excellent,Sayajigunj,4 minutes walk to Vadodara Junction Railway Station,1728,3899,55.7,24-hour Room Service,Vadodara,Vadodara
Hotel Airport,3.8,Very Good,Harni,9 minutes walk to Vadodara Airport,2005,2300,12.8,Restaurant,Vadodara,Vadodara
Hotel Express Towers,3.8,Very Good,Alkapuri,7.0 km drive to Vadodara Airport,4836,5499,12.1,Gym,Vadodara,Vadodara
Hotel Blue Lagoons Manjalpur Near Makarpura,3.6,Very Good,Manjalpur,8.4 km drive to Vadodara Airport,2542,3000,15.3,Restaurant,Vadodara,Vadodara
THE BARODA RESIDENCY,4.3,Excellent,Alkapuri,6.5 km drive to Vadodara Airport,3763,4300,12.5,Restaurant,Vadodara,Vadodara
Hotel Blue Lagoons Fatehgunj,3.8,Very Good,Fatehgunj,3.2 km drive to Vadodara Airport,1990,2400,17.1,Restaurant,Vadodara,Vadodara
Lords Inn Vadodara,3.9,Very Good,Sayajigunj,5.3 km drive to Vadodara Airport,3611,3611,0.0,Gym,Vadodara,Vadodara
Keys Lite by Lemon Tree Hotels,3.9,Very Good,Kendranagar,7.1 km drive to Vadodara Airport,2388,2700,11.6,Restaurant,Vadodara,Vadodara
Hotel Pearl,3.6,Very Good,Sayajigunj,6 minutes walk to Vadodara Junction Railway Station,1466,2300,36.3,Restaurant,Vadodara,Vadodara
Hotel Unique By Apex,3.6,Very Good,Near Vadodara Train Station,3 minutes walk to Vadodara Junction Railway Station,1345,2790,51.8,Restaurant,Vadodara,Vadodara
Hotel Vrundavan Residency,3.2,Good,Babajipura,5.1 km drive to Vadodara Airport,1190,1899,37.3,Restaurant,Vadodara,Vadodara
HOTEL PRUDENT,3.9,Very Good,Sayajigunj,6 minutes walk to Vadodara Junction Railway Station,818,1699,51.9,24-hour Room Service,Vadodara,Vadodara
Shreeji Service Apartments,3.5,Very Good,Gotri,8.8 km drive to Vadodara Airport,3924,4500,12.8,Air Conditioning,Vadodara,Vadodara
Four Points By Sheraton Vadodara - Marriott International,4.2,Very Good,Fatehgunj,3.5 km drive to Vadodara Airport,5450,5450,0.0,Gym,Vadodara,Vadodara
Eastin Residences Vadodara,4.2,Very Good,Alkapuri,6.3 km drive to Vadodara Airport,7522,10100,25.5,Gym,Vadodara,Vadodara
Hotel Savshanti Towers,3.7,Very Good,Alkapuri,6.7 km drive to Vadodara Airport,1672,2000,16.4,Restaurant,Vadodara,Vadodara
hotel monville,4.1,Very Good,Ranoli,23.7 km from Anand,855,6555,87.0,Water Sports,Vadodara,Vadodara
Hotel Suba Elite Vadodara,4.1,Very Good,Fatehgunj,3.3 km drive to Vadodara Airport,4375,5150,15.0,Restaurant,Vadodara,Vadodara
Vivanta Vadodara,4.5,Excellent,Akota,8.0 km drive to Vadodara Airport,7425,7425,0.0,Spa,Vadodara,Vadodara
Hotel Maan Palace,3.4,Good,Madhavpura,6.2 km drive to Vadodara Airport,1033,1319,21.7,24-hour Room Service,Vadodara,Vadodara
Courtyard by Marriott Vadodara,4.4,Excellent,Subhanpura,6.3 km drive to Vadodara Airport,8499,8499,0.0,Spa,Vadodara,Vadodara
FabExpress Kalyan - Nr. Dairy Dan Circle,3.5,Very Good,Sayajigunj,6 minutes walk to Vadodara Junction Railway Station,1583,3783,58.2,Restaurant,Vadodara,Vadodara
HOTEL DARSHAN POR,4.4,Excellent,NH 8,24.7 km from city centre,1731,2000,13.4,Restaurant,Vadodara,Vadodara
Rang Lords Inn Bharuch,4.2,Very Good,In Bharuch,73.0 km from Vadodara city centre,2999,2999,0.0,Restaurant,Vadodara,Vadodara
Clubhouse Hotel Raajpath,3.4,Good,Near Vadodara Train Station,4 minutes walk to Vadodara Junction Railway Station,5267,9791,46.2,Restaurant,Vadodara,Vadodara
The Pacific Hotel,3.8,Very Good,Alkapuri,6.8 km drive to Vadodara Airport,1671,3979,58.0,Restaurant,Vadodara,Vadodara
Hotel Avista,4.1,Very Good,Jetalpur,9 minutes walk to Vadodara Junction Railway Station,1638,3600,54.5,Restaurant,Vadodara,Vadodara
Hotel Grand Paradise,3.7,Very Good,Haripura,7.4 km drive to Vadodara Airport,1943,4000,51.4,Spa,Vadodara,Vadodara
Hotel Sun city inn,3.8,Very Good,Maneja,,866,1000,13.4,Restaurant,Vadodara,Vadodara
Hotel Nice,2.9,Average,Sayajigunj,6 minutes walk to Vadodara Junction Railway Station,657,1529,57.0,24-hour Room Service,Vadodara,Vadodara
HOTEL ROYAL WINGS,3.9,Very Good,Jayram Nagar,,2102,2800,24.9,24-hour Room Service,Vadodara,Vadodara
Hotel Sunshine,3.7,Very Good,NH 8,9.2 km drive to Vadodara Airport,1471,2000,26.4,Swimming Pool,Vadodara,Vadodara
Itsy Hotels Rk Palace,3.4,Good,Gokul Nagar,,1456,3938,63.0,24-hour Room Service,Vadodara,Vadodara
Hotel 7cr,4.3,Excellent,Alkapuri,6.3 km drive to Vadodara Airport,1477,2799,47.2,Lounge,Vadodara,Vadodara
Hotel Skylight,2.6,Average,Near Vadodara Train Station,5 minutes walk to Vadodara Junction Railway Station,1385,2000,30.8,Restaurant,Vadodara,Vadodara
Hotel O Golden,3.2,Good,Harni,2.9 km drive to Vadodara Airport,1258,2323,45.8,24-hour Room Service,Vadodara,Vadodara
Hotel Rahi Inn,3.4,Good,Sayajigunj,5 minutes walk to Vadodara Junction Railway Station,723,1059,31.7,24-hour Room Service,Vadodara,Vadodara
Hotel O DHK,3.3,Good,Makarpura GIDC,,1545,2871,46.2,24-hour Room Service,Vadodara,Vadodara
Hotel Midtown,4.0,Very Good,Fatehgunj,3.8 km drive to Vadodara Airport,2121,5899,64.0,Restaurant,Vadodara,Vadodara
Hotel Golden City,3.2,Good,Kendranagar,7.1 km drive to Vadodara Airport,1783,2449,27.2,24-hour Room Service,Vadodara,Vadodara
Townhouse Tulip,3.0,Good,Kevdabaug,5.2 km drive to Vadodara Airport,1403,2589,45.8,Restaurant,Vadodara,Vadodara
Hotel S G,3.8,Very Good,Gotri,9.1 km drive to Vadodara Airport,1086,1299,16.4,24-hour Room Service,Vadodara,Vadodara
Hotel Furatt International,3.7,Very Good,Sayajigunj,4 minutes walk to Vadodara Junction Railway Station,2130,3600,40.8,Restaurant,Vadodara,Vadodara
Hotel Royal Residency,3.4,Good,Vemali,4.1 km drive to Vadodara Airport,2102,2800,24.9,Restaurant,Vadodara,Vadodara
Shiv Sai Dormitory Vadodara,4.8,Excellent,Alkapuri,6.8 km drive to Vadodara Airport,721,830,13.1,Spa,Vadodara,Vadodara
HOTEL IDEAL,3.2,Good,Sayajigunj,3 minutes walk to Vadodara Junction Railway Station,1068,1899,43.8,24-hour Room Service,Vadodara,Vadodara
Hotel shakti,3.6,Very Good,Kendranagar,8.5 km drive to Vadodara Airport,959,1250,23.3,Lounge,Vadodara,Vadodara
Hotel The Clove Leaf By Krishna Palace,4.6,Excellent,Alamgir,14.7 km from city centre,1623,2500,35.1,24-hour Room Service,Vadodara,Vadodara
Hotel Roshni Sampatrao Colony,3.9,Very Good,Alkapuri,6.8 km drive to Vadodara Airport,1201,2135,43.7,24-hour Room Service,Vadodara,Vadodara
SPOT ON Hotel Hilltop,2.4,Average,Jetalpur,5 minutes walk to Vadodara Junction Railway Station,707,1305,45.8,24-hour Room Service,Vadodara,Vadodara
Hotel O RR,3.3,Good,Soma Talav,8.3 km drive to Vadodara Airport,840,1550,45.8,Fireplace,Vadodara,Vadodara
FabHotel Max - Nr. Aditi hospital (120M),2.8,Average,Danteshwar,9.4 km drive to Vadodara Airport,1430,3415,58.1,Restaurant,Vadodara,Vadodara
FabHotel Shri Krishna - Nr. Vadodara railway junction (550M),2.9,Average,Alkapuri,6 minutes walk to Vadodara Junction Railway Station,1530,3658,58.2,Restaurant,Vadodara,Vadodara
Hotel Prince Inn,2.9,Average,Kendranagar,8.0 km drive to Vadodara Airport,1824,2200,17.1,Indoor Games,Vadodara,Vadodara
Hotel Red Rose,3.2,Good,Chhani,7.4 km drive to Vadodara Airport,2022,2899,30.3,24-hour Room Service,Vadodara,Vadodara
Collection O Lotus Gold,1.2,Poor,Fatehgunj,3.1 km drive to Vadodara Airport,1464,2704,45.9,24-hour Room Service,Vadodara,Vadodara
Hotel Crystal,2.4,Average,Sayajigunj,3 minutes walk to Vadodara Junction Railway Station,873,959,9.0,24-hour Room Service,Vadodara,Vadodara
FabHotel Prime Ace II - Nr.Jupitel Hospital (200M),3.3,Good,Atladara,3 minutes walk to Atladara Railway Station,2055,4634,55.7,Restaurant,Vadodara,Vadodara
Collection O Sujay Hospitality,1.9,Poor,Atladara,3 minutes walk to Atladara Railway Station,1169,2157,45.8,24-hour Room Service,Vadodara,Vadodara
FabHotel Infinity - inside Infinity Arcade Pratapnagar,2.5,Average,Manjalpur,840 m drive to Pratap Nagar Railway Station,1276,3050,58.2,Restaurant,Vadodara,Vadodara
Hotel SunSky,4.0,Very Good,Jayram Nagar,,1687,2200,23.3,Restaurant,Vadodara,Vadodara
Hotel Royal king,3.7,Very Good,Vemali,4.2 km drive to Vadodara Airport,2195,3250,32.5,24-hour Room Service,Vadodara,Vadodara
HOTEL AARNA PALACE,2.6,Average,Tarsali,,2275,2500,9.0,24-hour Room Service,Vadodara,Vadodara
Hotel Krish Villa,3.5,Very Good,Harni,3.6 km drive to Vadodara Airport,1246,1800,30.8,24-hour Room Service,Vadodara,Vadodara
Hotel Maryland Rooms,2.8,Average,Kendranagar,8.7 km drive to Vadodara Airport,1211,1330,8.9,24-hour Room Service,Vadodara,Vadodara
Hotel Shree Pashupati Inn,3.6,Very Good,Danteshwar,9.2 km drive to Vadodara Airport,1446,2900,50.1,Fireplace,Vadodara,Vadodara
tulsi hotel,3.0,Good,Pratapgunj,10 minutes walk to Vadodara Bus station,1614,2000,19.3,24-hour Room Service,Vadodara,Vadodara
Hotel Mewad Inn,3.5,Very Good,Kendranagar,8.3 km drive to Vadodara Airport,1384,1599,13.4,24-hour Room Service,Vadodara,Vadodara
Hotel O R.R,3.2,Good,Nizampura,5.2 km drive to Vadodara Airport,1572,2921,46.2,24-hour Room Service,Vadodara,Vadodara
Hotel Balaji Villa,3.5,Very Good,Hari Nagar,7.8 km drive to Vadodara Airport,1730,1999,13.5,Jacuzzi,Vadodara,Vadodara
Hotel Rest and Relax Aambawadi,3.5,Very Good,Moghul Wada,6.0 km drive to Vadodara Airport,2288,3000,23.7,24-hour Room Service,Vadodara,Vadodara
Hotel Legend,2.7,Average,NH 8,,3403,4000,14.9,Restaurant,Vadodara,Vadodara
Hotel Baroda Banquet,3.5,Very Good,Sayajipura,3.6 km drive to Vadodara Airport,2202,3999,44.9,Lounge,Vadodara,Vadodara
Hotel Premium,3.5,Very Good,Alkapuri,6.6 km drive to Vadodara Airport,1907,2300,17.1,Restaurant,Vadodara,Vadodara
HOTEL AMBIKA VADODARA,3.5,Very Good,Madhavpura,5.7 km drive to Vadodara Airport,3403,4000,14.9,Lounge,Vadodara,Vadodara
Hotel Shree Pashupati Royal,2.9,Average,Laxmipura,,1688,3000,43.7,Fireplace,Vadodara,Vadodara
Hotel Shiv Inn,3.5,Very Good,Karelibaug,1.4 km drive to Vadodara Airport,1388,1700,18.4,Restaurant,Vadodara,Vadodara
Hotel SK,3.5,Very Good,Guru Nagar,,2372,2800,15.3,24-hour Room Service,Vadodara,Vadodara
Hotel Divine Heritage,2.8,Average,Maneja,,1691,2299,26.4,Butler Services,Vadodara,Vadodara
Hotel sunrise,2.5,Average,Bhaili,,1731,2000,13.4,24-hour Room Service,Vadodara,Vadodara
Ridhi Sidhi Marriage hall & party plot,3.5,Very Good,Nizampura,5.0 km drive to Vadodara Airport,2423,2961,18.2,24-hour Room Service,Vadodara,Vadodara
Hotel Shree Pashupati Regency,2.7,Average,Vemali,4.3 km drive to Vadodara Airport,1866,3000,37.8,24-hour Room Service,Vadodara,Vadodara
Hotel Green Park,1.0,Poor,Tarsali,,2135,2800,23.8,Lounge,Vadodara,Vadodara
Vadpadrka Hotel and Resort,3.7,Very Good,Vaghodia,16.2 km from Vadodara,2700,2700,0.0,Swimming Pool,Vadodara,Vadodara
Neelkanth Motels & Hotels Ltd.,2.5,Average,Rayan Talavadi,17.9 km from Vadodara,1824,2200,17.1,Swimming Pool,Vadodara,Vadodara
Hotel Grand Sahara,1.6,Poor,Manjusar,18.6 km from Vadodara,1484,1899,21.9,24-hour Room Service,Vadodara,Vadodara
Mahi Resort,2.8,Average,Mujpur,19.6 km from Vadodara,2659,3449,22.9,Swimming Pool,Vadodara,Vadodara
HOTEL SAHYOG & RESTAURANT,3.5,Very Good,Padra,20.1 km from Vadodara,1385,1600,13.4,Restaurant,Vadodara,Vadodara
Serene Cottages And Resort,2.8,Average,Borsad,20.2 km from Vadodara,2893,4000,27.7,Swimming Pool,Vadodara,Vadodara
Hotel O Ambika,2.0,Average,Rayan Talavadi,20.2 km from Vadodara,579,1068,45.8,Fireplace,Vadodara,Vadodara
The Weekend Retreat,3.5,Very Good,Borsad,21.5 km from Vadodara,14599,16200,9.9,Private Swimming Pool,Vadodara,Vadodara
Hotel Vivan,5.0,Excellent,Vaghodia,21.7 km from Vadodara,2999,2999,0.0,24-hour Room Service,Vadodara,Vadodara
HOTEL EKTA AND ROOMS,3.5,Very Good,Dabhoi,23.1 km from Vadodara,1823,2199,17.1,24-hour Room Service,Vadodara,Vadodara
Krishna Riverside Resort,4.3,Excellent,Anand,23.6 km from Vadodara,3201,5450,41.3,Swimming Pool,Vadodara,Vadodara
Taj Skyline,4.5,Excellent,Thaltej,,7200,8000,10.0,Spa,Ahmedabad,Ahmedabad
Welcomhotel by ITC Hotels,4.1,Very Good,Old Wadaj,2.5 km drive to Sabarmati Ashram,12400,12400,0.0,Swimming Pool,Ahmedabad,Ahmedabad
Ginger Ahmedabad,3.5,Very Good,Old Wadaj,2.2 km drive to Sabarmati Ashram,3999,3999,0.0,Restaurant,Ahmedabad,Ahmedabad
Binori A Boutique Hotel,4.0,Very Good,Sarkhej Gandhinagar highway,,6626,7500,11.7,Spa,Ahmedabad,Ahmedabad
Life At Repose: Lake Villas Resort & Club,4.5,Excellent,In Kadi,17.0 km from Kadi city centre,7176,10000,28.2,Swimming Pool,Ahmedabad,Ahmedabad
Renaissance Ahmedabad Hotel,4.2,Very Good,Sarkhej Gandhinagar highway,,8400,8400,0.0,Jacuzzi,Ahmedabad,Ahmedabad
Vivanta Ahmedabad,4.4,Excellent,Sarkhej Gandhinagar highway,,9000,9000,0.0,Spa,Ahmedabad,Ahmedabad
Fortune Landmark,4.4,Excellent,Ashram Road,3.0 km drive to Sabarmati Ashram,8500,8500,0.0,Gym,Ahmedabad,Ahmedabad
In & Out Dormitory,3.4,Good,Ranip,1.9 km drive to Sabarmati Ashram,660,850,22.4,Restaurant,Ahmedabad,Ahmedabad
Four Points By Sheraton Ahmedabad,4.3,Excellent,Ellisbridge,,7300,7300,0.0,Gym,Ahmedabad,Ahmedabad
NOVOTEL Ahmedabad,4.1,Very Good,Sarkhej Gandhinagar highway,,8280,8280,0.0,Spa,Ahmedabad,Ahmedabad
Fortune Select SG Highway,4.3,Excellent,Sarkhej Gandhinagar highway,,7199,7199,0.0,Gym,Ahmedabad,Ahmedabad
Pride Plaza Hotel,3.9,Very Good,Sarkhej Gandhinagar highway,,7436,9915,25.0,Jacuzzi,Ahmedabad,Ahmedabad
Hotel Ashish,3.9,Very Good,Mirzapur,2.9 km drive to GSRTC Central Bus Depot,1260,2600,51.5,Lounge,Ahmedabad,Ahmedabad
Uteliaa Homestay,4.3,Excellent,Ellisbridge,,5296,7620,30.5,Caretaker,Ahmedabad,Ahmedabad
Hotel Silver Cloud,3.9,Very Good,Old Wadaj,6 minutes walk to Sabarmati Ashram,4735,9694,51.2,Gym,Ahmedabad,Ahmedabad
Keys Select by Lemon Tree Hotels,3.9,Very Good,Old Wadaj,6 minutes walk to Sabarmati Ashram,3606,4499,19.8,Restaurant,Ahmedabad,Ahmedabad
Hotel SNBLU PANCHVATI,4.2,Very Good,Gulbai Tekra,850 m drive to Parimal Garden,2028,4500,54.9,Restaurant,Ahmedabad,Ahmedabad
Hotel Skylon By Bizzgrow Hotels,3.6,Very Good,Paldi,3.0 km drive to GSRTC Central Bus Depot,1944,3569,45.5,Butler Services,Ahmedabad,Ahmedabad
EULOGIA INN,4.1,Very Good,Sarkhej Gandhinagar highway,,6038,8000,24.5,Gym,Ahmedabad,Ahmedabad
Hotel Balaji villa,3.9,Very Good,Maninagar,5 minutes walk to Maninagar Railway Station,2059,3200,35.7,Restaurant,Ahmedabad,Ahmedabad
Positive Vibes,3.9,Very Good,Sarkhej Gandhinagar highway,,2321,3000,22.6,Caretaker,Ahmedabad,Ahmedabad
Hotel Elysian Residency,4.2,Very Good,Shahibaug,6.9 km drive to Sardar Vallabhbhai Patel International Airport,3961,8099,51.1,Restaurant,Ahmedabad,Ahmedabad
The Cloud Hotel,4.0,Very Good,Amraiwadi,,3961,6599,40.0,Gym,Ahmedabad,Ahmedabad
Holiday Inn Express Ahmedabad Prahlad Nagar,3.8,Very Good,Prahlad Nagar,7 minutes walk to Prahlad Nagar Garden,4999,4999,0.0,Gym,Ahmedabad,Ahmedabad
Hyatt Regency Ahmedabad,4.4,Excellent,Ashram Road,9.8 km drive to Sardar Vallabhbhai Patel International Airport,9500,9500,0.0,Spa,Ahmedabad,Ahmedabad
Hotel Palliate,3.6,Very Good,Paldi,,1113,4000,72.2,24-hour Room Service,Ahmedabad,Ahmedabad
Dodhia Haveli,4.0,Very Good,Mirzapur,,4154,6000,30.8,Caretaker,Ahmedabad,Ahmedabad
Hyatt Ahmedabad,4.2,Very Good,Vastrapur,5 minutes walk to Ahmedabad One Mall,11500,11500,0.0,Spa,Ahmedabad,Ahmedabad
Hotel Carrefour,4.2,Very Good,Ellisbridge,,3326,7200,53.8,Restaurant,Ahmedabad,Ahmedabad
Shertown,3.6,Very Good,Khadia,2.1 km drive to GSRTC Central Bus Depot,1426,1850,22.9,24-hour Room Service,Ahmedabad,Ahmedabad
Antra Hospitality Service | Rooms & Guided Treks,3.2,Good,Bodakdev,,2317,3000,22.8,Reception,Ahmedabad,Ahmedabad
ITC Narmada - A Luxury Collection Hotel,4.7,Excellent,Vastrapur,5 minutes walk to Ahmedabad One Mall,16500,16500,0.0,Spa,Ahmedabad,Ahmedabad
Hotel Shivashish,3.4,Good,Sarkhej Gandhinagar highway,,1931,2499,22.7,Indoor Games,Ahmedabad,Ahmedabad
Biznotel by Pride Motera,4.3,Excellent,Motera,930 m drive to Narendra Modi Stadium,4000,5333,25.0,Gym,Ahmedabad,Ahmedabad
Hotel Sparsh Divine,4.3,Excellent,Sabarmati,9.9 km drive to Sardar Vallabhbhai Patel International Airport,2044,2700,24.3,Restaurant,Ahmedabad,Ahmedabad
Sunshine Dormitory and Rooms,3.7,Very Good,Kalupur,2.5 km drive to GSRTC Central Bus Depot,675,798,15.4,Luggage Storage,Ahmedabad,Ahmedabad
Riverview Hotel,3.9,Very Good,Ellisbridge,5 minutes walk to Gandhigram Railway Station,4541,9100,50.1,Gym,Ahmedabad,Ahmedabad
Hotel Shital Inn,4.0,Very Good,Vastrapur,9 minutes walk to Ahmedabad One Mall,1498,3199,53.2,Restaurant,Ahmedabad,Ahmedabad
SK Lords Eco Inn Ahmedabad - Pure Veg,4.0,Very Good,Navrangpura,,4500,4500,0.0,Restaurant,Ahmedabad,Ahmedabad
Hotel Suncity Ashram Road,3.9,Very Good,Ellisbridge,6 minutes walk to Gandhigram Railway Station,1449,3099,53.2,Fireplace,Ahmedabad,Ahmedabad
DoubleTree by Hilton Ahmedabad,4.3,Excellent,Sarkhej Gandhinagar highway,,7500,7500,0.0,Spa,Ahmedabad,Ahmedabad
Hotel Rest Peace Airport,3.0,Good,Near Ahmedabad Airport,2.7 km drive to Sardar Vallabhbhai Patel International Airport,1690,2000,15.5,Air Conditioning,Ahmedabad,Ahmedabad
Hotel Serenity,3.9,Very Good,Sarkhej Gandhinagar highway,,2319,2999,22.7,24-hour Room Service,Ahmedabad,Ahmedabad
Fairfield by Marriott Ahmedabad,3.8,Very Good,Ashram Road,2.5 km drive to Sabarmati Ashram,6000,6000,0.0,Spa,Ahmedabad,Ahmedabad
Hotel Kamran Palace,3.7,Very Good,Bhadra,2.8 km drive to GSRTC Central Bus Depot,1001,2299,56.5,24-hour Room Service,Ahmedabad,Ahmedabad
Night Halt Dormitory,3.4,Good,Sarkhej Gandhinagar highway,,829,980,15.4,Living Room,Ahmedabad,Ahmedabad
Ginger Ahmedabad,3.3,Good,Sarkhej Gandhinagar highway,,3800,3800,0.0,Gym,Ahmedabad,Ahmedabad
The Ummed Ahmedabad Airport,4.0,Very Good,Near Ahmedabad Airport,2.2 km drive to Sardar Vallabhbhai Patel International Airport,5500,6875,20.0,Spa,Ahmedabad,Ahmedabad
Collection O Ashram Road Near Sardar Bridge formerly Hotel Apple Inn,3.8,Very Good,Paldi,2.8 km drive to GSRTC Central Bus Depot,1100,2307,52.3,24-hour Room Service,Ahmedabad,Ahmedabad
Radisson Blu Hotel Ahmedabad,4.2,Very Good,Ellisbridge,7 minutes walk to Parimal Garden,8749,8749,0.0,Spa,Ahmedabad,Ahmedabad
Ginger Ahmedabad Changodar,4.1,Very Good,Changodar,18.8 km from city centre,3499,3499,0.0,Gym,Ahmedabad,Ahmedabad
Ginger Ahmedabad,3.2,Good,Memnagar,,3499,3499,0.0,Gym,Ahmedabad,Ahmedabad
Hotel Avens inn,3.6,Very Good,Chandkheda,8.6 km drive to Sardar Vallabhbhai Patel International Airport,719,1080,33.4,24-hour Room Service,Ahmedabad,Ahmedabad
Corporate Residency,3.7,Very Good,Sarkhej Gandhinagar highway,,1436,2100,31.6,24-hour Room Service,Ahmedabad,Ahmedabad
Privilon Hotel SBR,3.5,Very Good,Thaltej,,2182,2500,12.7,24-hour Room Service,Ahmedabad,Ahmedabad
The Sky Imperial,3.8,Very Good,Sarkhej Gandhinagar highway,,2312,3400,32.0,Gym,Ahmedabad,Ahmedabad
Hotel Heritage,3.8,Very Good,Paldi,,1499,4400,65.9,Restaurant,Ahmedabad,Ahmedabad
Jalsa palace in Ahemdabad,3.5,Very Good,Nava Naroda,10.0 km drive to Sardar Vallabhbhai Patel International Airport,909,1080,15.8,Spa,Ahmedabad,Ahmedabad
HOTEL RICHIE RICH,3.9,Very Good,Shahibaug,5.1 km drive to Sardar Vallabhbhai Patel International Airport,1926,2600,25.9,24-hour Room Service,Ahmedabad,Ahmedabad
Hotel Madhur,3.6,Very Good,Near Ahmedabad Airport,1.5 km drive to Sardar Vallabhbhai Patel International Airport,1920,2799,31.4,24-hour Room Service,Ahmedabad,Ahmedabad
Hotel Volga,3.7,Very Good,Mirzapur,2.6 km drive to GSRTC Central Bus Depot,1112,2700,58.8,24-hour Room Service,Ahmedabad,Ahmedabad
Jade Hospitality Service | Rooms & Wi-Fi,3.7,Very Good,Sarkhej Gandhinagar highway,4 minutes walk to Prahlad Nagar Garden,1752,2700,35.1,Shared Living Room,Ahmedabad,Ahmedabad
Hotel Riverfront,3.3,Good,Paldi,2.7 km drive to GSRTC Central Bus Depot,1241,1500,17.3,24-hour Room Service,Ahmedabad,Ahmedabad
Crowne Plaza Ahmedabad City Centre,4.3,Excellent,Sarkhej Gandhinagar highway,7 minutes walk to Prahlad Nagar Garden,9200,9200,0.0,Jacuzzi,Ahmedabad,Ahmedabad
The Mantra One,4.1,Very Good,Sarkhej Gandhinagar highway,,3046,6599,53.8,Restaurant,Ahmedabad,Ahmedabad
Hotel Apricot,3.9,Very Good,Ellisbridge,,2677,6250,57.2,Spa,Ahmedabad,Ahmedabad
Regenta Central Antarim,3.8,Very Good,Navrangpura,,3617,4000,9.6,Gym,Ahmedabad,Ahmedabad
Treebo Kbc,3.8,Very Good,Thaltej,,2401,6495,63.0,24-hour Room Service,Ahmedabad,Ahmedabad
Rudra Royale Hotel,3.4,Good,Ashram Road,9.9 km drive to Sardar Vallabhbhai Patel International Airport,1282,1500,14.5,Butler Services,Ahmedabad,Ahmedabad
Hotel Alka Inn,3.7,Very Good,Bhadra,3.0 km drive to GSRTC Central Bus Depot,1391,2669,47.9,Restaurant,Ahmedabad,Ahmedabad
Lemon Tree Premier The Atrium,4.1,Very Good,Mirzapur,9.6 km drive to Sardar Vallabhbhai Patel International Airport,8893,14253,37.6,Spa,Ahmedabad,Ahmedabad
Avalon Hotel & Banquet,3.6,Very Good,Thaltej,,2617,2999,12.7,Jacuzzi,Ahmedabad,Ahmedabad
Pvr House Second Floor Serenity,3.5,Very Good,Chandkheda,,4126,4700,12.2,Air Conditioning,Ahmedabad,Ahmedabad
Hotel Palm Residency,3.9,Very Good,Odhav,,1113,2100,47.0,24-hour Room Service,Ahmedabad,Ahmedabad
Bloom Hotel SG Highway,4.1,Very Good,Sarkhej Gandhinagar highway,,7200,8000,10.0,Restaurant,Ahmedabad,Ahmedabad
Palette River Front formerly Host Inn,3.1,Good,Mirzapur,9.5 km drive to Sardar Vallabhbhai Patel International Airport,3437,6346,45.8,Restaurant,Ahmedabad,Ahmedabad
Hotel Home Stay Inn,3.4,Good,Near Ahmedabad Airport,1.5 km drive to Sardar Vallabhbhai Patel International Airport,1393,1599,12.9,Restaurant,Ahmedabad,Ahmedabad
The Sky Comfort,3.6,Very Good,Vejalpur,2 minutes walk to Vastrapur Railway Station,1149,1900,39.5,24-hour Room Service,Ahmedabad,Ahmedabad
REGENTA Inn Ranip Ahmedabad,3.6,Very Good,Ranip,2.0 km drive to Sabarmati Ashram,3572,3950,9.6,Gym,Ahmedabad,Ahmedabad
Hotel Park Land-A,3.6,Very Good,Bopal,,1502,2222,32.4,Spa,Ahmedabad,Ahmedabad
Deewanji Ni Haveli | Rooms & Restaurant,3.5,Very Good,Khadia,1.5 km drive to GSRTC Central Bus Depot,5257,7500,29.9,Caretaker,Ahmedabad,Ahmedabad
HOTEL MONVILLE,3.6,Very Good,Maninagar,2 minutes walk to Maninagar Railway Station,1124,1650,31.9,24-hour Room Service,Ahmedabad,Ahmedabad
Hotel Dev Corporate,3.9,Very Good,Ellisbridge,,3829,9299,58.8,Restaurant,Ahmedabad,Ahmedabad
Hotel Maan Residency,3.4,Good,Ambawadi,,1569,3009,47.9,Restaurant,Ahmedabad,Ahmedabad
Apricot Hotel Motera,4.3,Excellent,Motera,2.7 km drive to Narendra Modi Stadium,2460,5500,55.3,Restaurant,Ahmedabad,Ahmedabad
Hotel Shaligram,3.4,Good,Sarkhej Gandhinagar highway,,1386,1599,13.3,24-hour Room Service,Ahmedabad,Ahmedabad
Om Sai Girls Paying Guest,3.5,Very Good,Ambawadi,7 minutes walk to Parimal Garden,1970,2500,21.2,Air Conditioning,Ahmedabad,Ahmedabad
Hotel Asiana Sky,3.8,Very Good,Motera,2.7 km drive to Narendra Modi Stadium,1438,1899,24.3,Jacuzzi,Ahmedabad,Ahmedabad
Hotel Pragati The Grand,3.9,Very Good,Thaltej,,2671,3000,11.0,Restaurant,Ahmedabad,Ahmedabad
Hotel phoniex,3.5,Very Good,Ellisbridge,,1228,1399,12.2,Air Conditioning,Ahmedabad,Ahmedabad
HOTEL SHUBH LABH,2.9,Average,Navrangpura,,869,1259,31.0,24-hour Room Service,Ahmedabad,Ahmedabad
SRTC Hotel Aspire,3.7,Very Good,Ashram Road,9.3 km drive to Sardar Vallabhbhai Patel International Airport,1689,3199,47.2,Restaurant,Ahmedabad,Ahmedabad
Charyana Lady Dorms,4.0,Very Good,Khadia,1.8 km drive to GSRTC Central Bus Depot,548,698,21.5,Lounge,Ahmedabad,Ahmedabad
Super inn Armoise Hotel,3.6,Very Good,Navrangpura,,2044,5999,65.9,Restaurant,Ahmedabad,Ahmedabad
Hotel Airport Plaza,2.4,Average,Near Ahmedabad Airport,1.4 km drive to Sardar Vallabhbhai Patel International Airport,1152,3249,64.5,Restaurant,Ahmedabad,Ahmedabad
Hotel The Grand Crystal,3.4,Good,Nava Naroda,10.0 km drive to Sardar Vallabhbhai Patel International Airport,1795,3000,40.2,Spa,Ahmedabad,Ahmedabad
Treatotel,3.6,Very Good,Memnagar,,2757,3800,27.4,Restaurant,Ahmedabad,Ahmedabad
Hotel Avenue,4.1,Very Good,Chandkheda,8.6 km drive to Sardar Vallabhbhai Patel International Airport,1587,2024,21.6,Jacuzzi,Ahmedabad,Ahmedabad
The Orchid Hotel,3.9,Very Good,Odhav,,1638,2999,45.4,Restaurant,Ahmedabad,Ahmedabad
Hotel Shrimad Residency,3.1,Good,Sarkhej Gandhinagar highway,,1830,3000,39.0,Restaurant,Ahmedabad,Ahmedabad
Hotel Plenteous Inn,4.5,Excellent,Ellisbridge,About a minute walk to Gandhigram Railway Station,4033,5100,20.9,Lounge,Ahmedabad,Ahmedabad
PVR HOUSE AHMEDABAD,4.7,Excellent,Chandkheda,,3853,4300,10.4,Air Conditioning,Ahmedabad,Ahmedabad
HOTEL FUN REGENCY,3.5,Very Good,Motera,2.7 km drive to Narendra Modi Stadium,1522,1979,23.1,Jacuzzi,Ahmedabad,Ahmedabad
Hotel Divya Palace,3.9,Very Good,Gurukul,9 minutes walk to Ahmedabad One Mall,1019,1889,46.1,Butler Services,Ahmedabad,Ahmedabad
RK Regency,3.6,Very Good,Naranpura,,1704,3000,43.2,Fireplace,Ahmedabad,Ahmedabad
Urbane The Hotel,4.1,Very Good,Ellisbridge,,3435,7250,52.6,Restaurant,Ahmedabad,Ahmedabad
Elis Hospitality Service Parth Bungalow,3.2,Good,Sarkhej Gandhinagar highway,,1989,2900,31.4,Housekeeping,Ahmedabad,Ahmedabad
The Grand Bhagwati,3.8,Very Good,Sarkhej Gandhinagar highway,,3908,4949,21.0,Restaurant,Ahmedabad,Ahmedabad
Hotel Ashray Inn Express,3.8,Very Good,Near Ahmedabad Airport,2.8 km drive to Sardar Vallabhbhai Patel International Airport,2716,3050,11.0,Restaurant,Ahmedabad,Ahmedabad
Hotel Sparsh Inn,3.8,Very Good,Chandkheda,,1947,3600,45.9,Spa,Ahmedabad,Ahmedabad
Wyndham Ahmedabad Shela,3.9,Very Good,Shela,,7000,7000,0.0,Spa,Ahmedabad,Ahmedabad
Hotel Maruti Ahmedabad,3.8,Very Good,Paldi,,1514,2000,24.3,24-hour Room Service,Ahmedabad,Ahmedabad
Hotel Silver Heights,4.1,Very Good,Navrangpura,,3366,7750,56.6,Restaurant,Ahmedabad,Ahmedabad
Hotel One Up,3.8,Very Good,Bhadra,2.1 km drive to GSRTC Central Bus Depot,1207,3263,63.0,Restaurant,Ahmedabad,Ahmedabad
The Fern Residency,3.1,Good,Ellisbridge,,5345,6000,10.9,Restaurant,Ahmedabad,Ahmedabad
Hotel Good Night,4.0,Very Good,Mirzapur,2.6 km drive to GSRTC Central Bus Depot,1280,3100,58.7,Restaurant,Ahmedabad,Ahmedabad
Hotel Palav Palace,4.0,Very Good,Naroda,8.1 km drive to Sardar Vallabhbhai Patel International Airport,1250,1950,35.9,24-hour Room Service,Ahmedabad,Ahmedabad
The Fern Residency,3.9,Very Good,Keshav Nagar,900 m drive to Sabarmati Ashram,5578,7291,23.5,Gym,Ahmedabad,Ahmedabad
Hotel Radhe Inn,3.3,Good,GIDC Vatwa,,1461,1800,18.8,Gym,Ahmedabad,Ahmedabad
Hotel Royal Ican,3.3,Good,Thaltej,,1274,3799,66.5,24-hour Room Service,Ahmedabad,Ahmedabad
Fourwalls Living,3.5,Very Good,Sarkhej Gandhinagar highway,,3435,4999,31.3,Caretaker,Ahmedabad,Ahmedabad
Hotel Mukund,3.8,Very Good,Ambawadi,3 minutes walk to Parimal Garden,1025,1199,14.5,24-hour Room Service,Ahmedabad,Ahmedabad
Hotel Silver Springs,3.5,Very Good,Kankaria,1.8 km drive to GSRTC Central Bus Depot,507,650,22.0,24-hour Room Service,Ahmedabad,Ahmedabad
Hotel German Palace,3.5,Very Good,Bhat,5.7 km drive to Sardar Vallabhbhai Patel International Airport,2844,3600,21.0,Restaurant,Ahmedabad,Ahmedabad
Hotel Krishna .,3.3,Good,Near Ahmedabad Airport,2.7 km drive to Sardar Vallabhbhai Patel International Airport,1547,1699,8.9,Restaurant,Ahmedabad,Ahmedabad
The Grand Eden Hotel,3.2,Good,Sarkhej Gandhinagar highway,,3000,3000,0.0,Restaurant,Ahmedabad,Ahmedabad
HOTEL G EXPRESS (Formerly Known as TGB Express),3.9,Very Good,Kankaria,2.7 km drive to GSRTC Central Bus Depot,5187,9999,48.1,Restaurant,Ahmedabad,Ahmedabad
Aarya Grand Hotels & Resorts,3.1,Good,Sarkhej Gandhinagar highway,,3890,7799,50.1,Swimming Pool,Ahmedabad,Ahmedabad
Super Hotel O Navrangpura CG Road,3.7,Very Good,Navrangpura,,929,2177,57.3,Restaurant,Ahmedabad,Ahmedabad
Hotel ABC,3.4,Good,Jodhpur,9 minutes walk to Vastrapur Railway Station,1003,1311,23.5,24-hour Room Service,Ahmedabad,Ahmedabad
Hotel Terrazo Suits,3.4,Good,Sola Village,,2720,4599,40.9,Restaurant,Ahmedabad,Ahmedabad
Hotel Rudra Regency,3.2,Good,Navrangpura,9.7 km drive to Sardar Vallabhbhai Patel International Airport,1026,1200,14.5,Restaurant,Ahmedabad,Ahmedabad
HOTEL MIVAANTE,4.3,Excellent,Vinzol,,2366,2600,9.0,Restaurant,Ahmedabad,Ahmedabad
Hotel Airport Inn One,3.5,Very Good,Near Ahmedabad Airport,1.4 km drive to Sardar Vallabhbhai Patel International Airport,1631,3239,49.6,24-hour Room Service,Ahmedabad,Ahmedabad
Hotel Radiant,3.8,Very Good,Paldi,,990,990,0.0,24-hour Room Service,Ahmedabad,Ahmedabad
Hotel Dimple International,3.3,Good,Khadia,2.2 km drive to GSRTC Central Bus Depot,1006,1500,32.9,24-hour Room Service,Ahmedabad,Ahmedabad
HOTEL AURELLIA,4.1,Very Good,Sarkhej Gandhinagar highway,,2933,4800,38.9,Restaurant,Ahmedabad,Ahmedabad
Comfort Inn President,3.6,Very Good,Navrangpura,,2631,4762,44.8,Gym,Ahmedabad,Ahmedabad
Hotel Mahaveer,4.3,Excellent,Ashram Road,10.0 km drive to Sardar Vallabhbhai Patel International Airport,1520,3600,57.8,24-hour Room Service,Ahmedabad,Ahmedabad
Hotel Soham Palace,3.5,Very Good,Naroda,7.6 km drive to Sardar Vallabhbhai Patel International Airport,1357,1915,29.1,Restaurant,Ahmedabad,Ahmedabad
Hotel Kanak ,3.4,Good,Ellisbridge,,1981,3420,42.1,Restaurant,Ahmedabad,Ahmedabad
Hotel Dreamland,3.8,Very Good,Vastral,,1166,2599,55.1,Restaurant,Ahmedabad,Ahmedabad
RAMADA BY WYNDHAM NARENDRA MODI STADIUM MOTERA,4.4,Excellent,Motera,7 minutes walk to Narendra Modi Stadium,6000,6000,0.0,Gym,Ahmedabad,Ahmedabad
Hotel Lake Point,4.4,Excellent,Kankaria,2.9 km drive to GSRTC Central Bus Depot,2376,4950,52.0,Restaurant,Ahmedabad,Ahmedabad
Hotel Cap Town Inn,3.8,Very Good,Sarkhej Gandhinagar highway,,1319,2299,42.6,24-hour Room Service,Ahmedabad,Ahmedabad
Hotel RK Fortune,3.2,Good,Bhat,6.5 km drive to Sardar Vallabhbhai Patel International Airport,1451,1800,19.4,24-hour Room Service,Ahmedabad,Ahmedabad
Hotel Sky 2,3.4,Good,Ramol,,1452,1699,14.5,24-hour Room Service,Ahmedabad,Ahmedabad
Hotel Kinara,3.6,Very Good,Bhadra,2.0 km drive to GSRTC Central Bus Depot,1197,2000,40.2,24-hour Room Service,Ahmedabad,Ahmedabad
Hotel G L Residency By G L Group,3.2,Good,Vastrapur,8 minutes walk to Ahmedabad One Mall,808,1050,23.0,24-hour Room Service,Ahmedabad,Ahmedabad
Hotel Unnati,3.7,Very Good,Sherkotda,1.4 km drive to GSRTC Central Bus Depot,954,1400,31.9,24-hour Room Service,Ahmedabad,Ahmedabad
Hotel Selfie Inn,3.7,Very Good,Sarkhej Gandhinagar highway,,2808,4500,37.6,24-hour Room Service,Ahmedabad,Ahmedabad
Hotel Furaat Inn,3.8,Very Good,Ellisbridge,930 m drive to Parimal Garden,2483,5039,50.7,Restaurant,Ahmedabad,Ahmedabad
Hotel Lux Inn.,3.2,Good,Sarkhej Gandhinagar highway,,1306,1699,23.1,24-hour Room Service,Ahmedabad,Ahmedabad
Hotel City Inn,3.7,Very Good,Mirzapur,2.6 km drive to GSRTC Central Bus Depot,969,1800,46.2,24-hour Room Service,Ahmedabad,Ahmedabad
Treebo Eden Park,3.1,Good,Vastral,,1606,4344,63.0,Restaurant,Ahmedabad,Ahmedabad
WelcomHeritage Mani Mansion,3.8,Very Good,Paldi,,3825,5099,25.0,Swimming Pool,Ahmedabad,Ahmedabad
Itsy Hotels Signature,3.6,Very Good,Ambawadi,,2291,6197,63.0,24-hour Room Service,Ahmedabad,Ahmedabad
Hotel Pine Tree,4.1,Very Good,Bopal,,1709,2000,14.6,Jacuzzi,Ahmedabad,Ahmedabad
Ibiza Hotels,3.3,Good,Gota,,2440,4500,45.8,Swimming Pool,Ahmedabad,Ahmedabad
Hotel Maple Inn,3.3,Good,Ellisbridge,5 minutes walk to Gandhigram Railway Station,1961,2999,34.6,24-hour Room Service,Ahmedabad,Ahmedabad
Hotel Nalanda,4.5,Excellent,Ellisbridge,,3585,4900,26.8,Gym,Ahmedabad,Ahmedabad
Hotel Kalinga Lake View,3.4,Good,Kankaria,1.9 km drive to GSRTC Central Bus Depot,1331,2300,42.1,Restaurant,Ahmedabad,Ahmedabad
Hotel Metropole,3.2,Good,Mirzapur,2.6 km drive to GSRTC Central Bus Depot,1000,1000,0.0,Bonfire,Ahmedabad,Ahmedabad
Sun N Step Club & Hotel,3.2,Good,Memnagar,,1363,1800,24.3,Gym,Ahmedabad,Ahmedabad
Hotel White cloud,4.1,Very Good,Kankaria,1.8 km drive to GSRTC Central Bus Depot,2277,3099,26.5,Fireplace,Ahmedabad,Ahmedabad
Super Collection O Kalupur Railway Station,3.9,Very Good,Saraspur,8.6 km drive to Sardar Vallabhbhai Patel International Airport,1493,2750,45.7,24-hour Room Service,Ahmedabad,Ahmedabad
Hotel Asiana Inn,3.7,Very Good,Chandkheda,2.9 km drive to Narendra Modi Stadium,900,1399,35.7,Fireplace,Ahmedabad,Ahmedabad
Hotel Unity,3.6,Very Good,Chanakyapuri,,1965,5499,64.3,Restaurant,Ahmedabad,Ahmedabad
Hotel Legacy,3.6,Very Good,Nana Chiloda,9.9 km drive to Sardar Vallabhbhai Patel International Airport,1461,1709,14.5,Jacuzzi,Ahmedabad,Ahmedabad
Leo Hotel,3.8,Very Good,Ashram Road,9.5 km drive to Sardar Vallabhbhai Patel International Airport,1372,7000,80.4,Fireplace,Ahmedabad,Ahmedabad
Hotel Sanmati,3.2,Good,Sherkotda,1.4 km drive to GSRTC Central Bus Depot,1009,2699,62.6,24-hour Room Service,Ahmedabad,Ahmedabad
The Grand Vinayak Hotel,3.9,Very Good,Odhav,,3865,5094,24.1,Restaurant,Ahmedabad,Ahmedabad
FabHotel Ratna Palace - Inside Baronet Complex,3.2,Good,Acher,2.0 km drive to Narendra Modi Stadium,1195,2693,55.6,Restaurant,Ahmedabad,Ahmedabad
Hotel RK Palace,3.2,Good,Sarkhej Gandhinagar highway,About a minute walk to Vaishnodevi Cir,2318,3800,39.0,24-hour Room Service,Ahmedabad,Ahmedabad
Hotel Nova Bopal,2.3,Average,Ambli,,1768,4500,60.7,24-hour Room Service,Ahmedabad,Ahmedabad
Pinnacle Grand Hotel,3.8,Very Good,Sola Village,,3401,4700,27.6,Restaurant,Ahmedabad,Ahmedabad
Hotel Shanti Sadan,2.8,Average,Paldi,980 m drive to Gandhigram Railway Station,935,1791,47.8,24-hour Room Service,Ahmedabad,Ahmedabad
Mangaldas Ni Haveli 2,4.0,Very Good,Khadia,1.6 km drive to GSRTC Central Bus Depot,5501,8920,38.3,Power Backup,Ahmedabad,Ahmedabad
Rajshree Hotel,3.2,Good,Kankaria,6 minutes walk to GSRTC Central Bus Depot,684,800,14.5,Gym,Ahmedabad,Ahmedabad
Summit Hotel,3.9,Very Good,Ellisbridge,,4425,14000,68.4,Restaurant,Ahmedabad,Ahmedabad
Courtyard by Marriott Ahmedabad,4.2,Very Good,Sarkhej Gandhinagar highway,,8000,8000,0.0,Jacuzzi,Ahmedabad,Ahmedabad
Parkwood Homestay,2.0,Average,Bopal,,10717,15000,28.6,Shared Parking,Ahmedabad,Ahmedabad
HOTEL AVENUE PLAZA,4.2,Very Good,Science City,,1362,1999,31.9,24-hour Room Service,Ahmedabad,Ahmedabad
HOTEL SHALIGRAM INN,4.3,Excellent,Kankaria,2 minutes walk to GSRTC Central Bus Depot,1538,1800,14.6,Restaurant,Ahmedabad,Ahmedabad
Hotel El Dorado,3.9,Very Good,Navrangpura,,3240,7600,57.4,Jacuzzi,Ahmedabad,Ahmedabad
Hotel Avadh Palace,3.4,Good,Keshav Nagar,880 m drive to Sabarmati Ashram,1362,2700,49.6,Restaurant,Ahmedabad,Ahmedabad
hotel rest and view,3.8,Very Good,Bopal,,1389,2799,50.4,24-hour Room Service,Ahmedabad,Ahmedabad
Hotel O Keshav,3.1,Good,Navrangpura,,1290,2396,46.2,24-hour Room Service,Ahmedabad,Ahmedabad
Hotel Alexa By Abc,4.3,Excellent,Jodhpur,,1367,1600,14.6,24-hour Room Service,Ahmedabad,Ahmedabad
HOTEL NOBLE INN,4.4,Excellent,Mirzapur,2.6 km drive to GSRTC Central Bus Depot,1109,2199,49.6,Fireplace,Ahmedabad,Ahmedabad
Townhouse Rajyash Rise,3.5,Very Good,Vishala,,2585,4763,45.7,Restaurant,Ahmedabad,Ahmedabad
Hotel Privilon,3.2,Good,Navrangpura,,1249,1800,30.6,Fireplace,Ahmedabad,Ahmedabad
FabHotel Symphony Grand - Inside barcelona complex,3.5,Very Good,Odhav,,1536,3669,58.1,Restaurant,Ahmedabad,Ahmedabad
Hotel Ashray Inn,3.9,Very Good,Old Wadaj,7 minutes walk to Sabarmati Ashram,2537,2850,11.0,Restaurant,Ahmedabad,Ahmedabad
Krios Hotel,3.6,Very Good,Gulbai Tekra,850 m drive to Parimal Garden,2020,7700,73.8,Restaurant,Ahmedabad,Ahmedabad
The Metro Park Hotel,3.2,Good,Old Wadaj,2.5 km drive to Sabarmati Ashram,1299,1900,31.6,Restaurant,Ahmedabad,Ahmedabad
Mango Hotels Tune,3.6,Very Good,Motera,2.1 km drive to Narendra Modi Stadium,3479,5440,36.0,Restaurant,Ahmedabad,Ahmedabad
Hotel Moon Light Gujarat,4.0,Very Good,Isanpur,,1233,2628,53.1,24-hour Room Service,Ahmedabad,Ahmedabad
Hotel Royal Comfort,4.0,Very Good,Sabarmati,10.0 km drive to Sardar Vallabhbhai Patel International Airport,2356,3000,21.5,24-hour Room Service,Ahmedabad,Ahmedabad
Hotel Khushi Palace,3.3,Good,Odhav,,854,999,14.5,Restaurant,Ahmedabad,Ahmedabad
Hotel Suba Star Ahmedabad,3.8,Very Good,Bodakdev,,4512,6050,25.4,Restaurant,Ahmedabad,Ahmedabad
Jai Radhe Hotel,3.8,Very Good,Khadia,1.4 km drive to GSRTC Central Bus Depot,872,1280,31.9,24-hour Room Service,Ahmedabad,Ahmedabad
Hotel Satkar Guest House,2.8,Average,Kankaria,3 minutes walk to GSRTC Central Bus Depot,726,999,27.3,24-hour Room Service,Ahmedabad,Ahmedabad
HOTEL SURY VILLA,3.0,Good,Vastrapur,6 minutes walk to Ahmedabad One Mall,1150,1899,39.4,Spa,Ahmedabad,Ahmedabad
Charyana Backpackers,2.8,Average,Khadia,1.8 km drive to GSRTC Central Bus Depot,352,448,21.4,Lounge,Ahmedabad,Ahmedabad
Vibes Inn,2.8,Average,Ahmedabad,8.5 km drive to Sardar Vallabhbhai Patel International Airport,1880,2200,14.5,24-hour Room Service,Ahmedabad,Ahmedabad
Townhouse Prahladnagar,3.5,Very Good,Vasna,,1297,3041,57.3,24-hour Room Service,Ahmedabad,Ahmedabad
Hotel 4 Point,3.6,Very Good,Bhat,6.5 km drive to Sardar Vallabhbhai Patel International Airport,3213,5500,41.6,24-hour Room Service,Ahmedabad,Ahmedabad
Treebo The Square,3.0,Good,Gota,,1566,4235,63.0,Restaurant,Ahmedabad,Ahmedabad
Hotel Marina,3.9,Very Good,Khadia,2.8 km drive to GSRTC Central Bus Depot,1167,2610,55.3,Water Sports,Ahmedabad,Ahmedabad
FabHotel Max Inn - Inside Himalaya Square,3.5,Very Good,Naroda,7.4 km drive to Sardar Vallabhbhai Patel International Airport,1124,2685,58.1,Fireplace,Ahmedabad,Ahmedabad
Hotel Prime Villa,2.8,Average,Memnagar,,1152,2299,49.9,24-hour Room Service,Ahmedabad,Ahmedabad
Alba Premier,3.9,Very Good,Memnagar,,2215,3199,30.8,Restaurant,Ahmedabad,Ahmedabad
Hotel Apple View,3.9,Very Good,Satellite,,1306,2199,40.6,24-hour Room Service,Ahmedabad,Ahmedabad
Hotel Happy Stay,2.8,Average,Maninagar,2 minutes walk to Maninagar Railway Station,701,1199,41.5,24-hour Room Service,Ahmedabad,Ahmedabad
Treebo Ambassador,3.8,Very Good,Mirzapur,9.5 km drive to Sardar Vallabhbhai Patel International Airport,3481,9418,63.0,Restaurant,Ahmedabad,Ahmedabad
Hotel Pravish Sky,3.5,Very Good,Sarkhej Gandhinagar highway,,1367,1599,14.5,24-hour Room Service,Ahmedabad,Ahmedabad
FabHotel Apollo - Nr. Odau Ring Road,3.9,Very Good,Odhav,,1392,3902,64.3,Fireplace,Ahmedabad,Ahmedabad
HOTEL R K VILLA,4.1,Very Good,Maninagar,,2060,2999,31.3,24-hour Room Service,Ahmedabad,Ahmedabad
Hotel Moonlight,3.6,Very Good,Chandkheda,,1659,1999,17.0,24-hour Room Service,Ahmedabad,Ahmedabad
Hotel Asiana,3.7,Very Good,Chandkheda,2.8 km drive to Narendra Modi Stadium,838,1199,30.1,Jacuzzi,Ahmedabad,Ahmedabad
Hotel Flair Inn,3.9,Very Good,Paldi,,1694,2500,32.2,24-hour Room Service,Ahmedabad,Ahmedabad
Hotel Atithi,3.2,Good,Paldi,3.0 km drive to GSRTC Central Bus Depot,830,950,12.6,24-hour Room Service,Ahmedabad,Ahmedabad
Hotel Shivalik Inn,3.5,Very Good,Bopal,,1631,2634,38.1,24-hour Room Service,Ahmedabad,Ahmedabad
Hotel Mountain Inn Ahmedabad,3.6,Very Good,Naranpura,9.7 km drive to Sardar Vallabhbhai Patel International Airport,1561,2800,44.2,24-hour Room Service,Ahmedabad,Ahmedabad
Hotel O Vibrant Residency,3.0,Good,Memnagar,,1672,3109,46.2,24-hour Room Service,Ahmedabad,Ahmedabad
Hotel Phoenix,3.6,Very Good,Chandkheda,8.6 km drive to Sardar Vallabhbhai Patel International Airport,1258,1440,12.6,24-hour Room Service,Ahmedabad,Ahmedabad
shivkunj exotica,3.9,Very Good,Odhav,,1703,2200,22.6,Restaurant,Ahmedabad,Ahmedabad
Hotel Parimal Lake,3.2,Good,Ellisbridge,6 minutes walk to Parimal Garden,1746,1999,12.7,24-hour Room Service,Ahmedabad,Ahmedabad
HOTEL SILVERA GRAND,3.8,Very Good,Nava Naroda,15.2 km from city centre,3737,5999,37.7,24-hour Room Service,Ahmedabad,Ahmedabad
Hotel Palladium Lake,3.0,Good,Ambawadi,,2960,3800,22.1,24-hour Room Service,Ahmedabad,Ahmedabad
Kanak Beacon Hotel - Ashram Road,3.1,Good,Ashram Road,9.6 km drive to Sardar Vallabhbhai Patel International Airport,2294,3600,36.3,24-hour Room Service,Ahmedabad,Ahmedabad
Hotel New Pathik,3.5,Very Good,Bopal,,1110,1299,14.5,Fireplace,Ahmedabad,Ahmedabad
Hotel Maple Tree,4.7,Excellent,Sarkhej Gandhinagar highway,2 minutes walk to Prahlad Nagar Garden,2663,3599,26.0,24-hour Room Service,Ahmedabad,Ahmedabad
Hotel Neelkanth Inn,2.6,Average,Paldi,,1575,1800,12.5,24-hour Room Service,Ahmedabad,Ahmedabad
FabHotel Namantra - Nr. Apollo Circle Sardar Patel Ring Road,3.7,Very Good,Bhat,6.5 km drive to Sardar Vallabhbhai Patel International Airport,1740,4877,64.3,Restaurant,Ahmedabad,Ahmedabad
HOTEL GATEWAY INN,3.9,Very Good,Gurukul,9 minutes walk to Ahmedabad One Mall,1362,1799,24.3,24-hour Room Service,Ahmedabad,Ahmedabad
Hotel Angan Residency,3.2,Good,Sarkhej Gandhinagar highway,,1239,1600,22.6,Restaurant,Ahmedabad,Ahmedabad
HOTEL AVN,3.6,Very Good,Saraspur,8.6 km drive to Sardar Vallabhbhai Patel International Airport,1175,1350,13.0,Restaurant,Ahmedabad,Ahmedabad
Hotel SS,2.2,Average,Motera,2.1 km drive to Narendra Modi Stadium,1286,1699,24.3,24-hour Room Service,Ahmedabad,Ahmedabad
Hotel Red Rose,3.4,Good,Vatva,,979,2024,51.6,Gym,Ahmedabad,Ahmedabad
Hotel Bhagya,3.3,Good,Chanakyapuri,,1538,2500,38.5,24-hour Room Service,Ahmedabad,Ahmedabad
Hotel Royal Town,3.5,Very Good,Sarkhej Gandhinagar highway,,1813,2500,27.5,24-hour Room Service,Ahmedabad,Ahmedabad
FabHotel Vishala Inn,3.6,Very Good,Nikol,,1102,2926,62.3,24-hour Room Service,Ahmedabad,Ahmedabad
Hotel Suvidha,2.9,Average,Kalupur,2.3 km drive to GSRTC Central Bus Depot,810,1799,55.0,Butler Services,Ahmedabad,Ahmedabad
Hotel Planet Landmark,4.1,Very Good,Ashok Vatika,,5500,5500,0.0,Gym,Ahmedabad,Ahmedabad
Hotel Luxura,3.7,Very Good,Changodar,23.8 km from city centre,1880,2200,14.5,Restaurant,Ahmedabad,Ahmedabad
Hotel Sunstar Inn,3.2,Good,Chandkheda,,1135,1660,31.6,24-hour Room Service,Ahmedabad,Ahmedabad
Hotel Oasis,3.8,Very Good,Navrangpura,,1892,3000,36.9,Restaurant,Ahmedabad,Ahmedabad
Hotel Neelkanth Palace,2.9,Average,Kankaria,4 minutes walk to GSRTC Central Bus Depot,513,600,14.5,24-hour Room Service,Ahmedabad,Ahmedabad
HOTEL REST,3.8,Very Good,Changodar,830 m drive to Moraiya Railway Station,730,1048,30.3,24-hour Room Service,Ahmedabad,Ahmedabad
Hotel Aaram Orchard,3.7,Very Good,Paldi,3.0 km drive to GSRTC Central Bus Depot,1420,4629,69.3,Restaurant,Ahmedabad,Ahmedabad
Hotel Vanya Palace,2.7,Average,Odhav,,695,1700,59.1,Restaurant,Ahmedabad,Ahmedabad
Hotel Sai Inn.,3.0,Good,Near Ahmedabad Airport,1.6 km drive to Sardar Vallabhbhai Patel International Airport,990,1399,29.2,24-hour Room Service,Ahmedabad,Ahmedabad
Hotel Campus,2.9,Average,Jodhpur,,1096,1800,39.1,24-hour Room Service,Ahmedabad,Ahmedabad
Hotel gopi palace,3.6,Very Good,Memnagar,,953,1099,13.3,24-hour Room Service,Ahmedabad,Ahmedabad
Super Hotel O Geeta Mandir formerly Hotel Green Park,3.5,Very Good,Behrampura,1.0 km drive to GSRTC Central Bus Depot,1702,3163,46.2,24-hour Room Service,Ahmedabad,Ahmedabad
Hotel Shrimad Ahmedabad,3.1,Good,Chandkheda,2.9 km drive to Narendra Modi Stadium,971,1800,46.1,Spa,Ahmedabad,Ahmedabad
RK ICON,3.8,Very Good,Navrangpura,,1802,2800,35.6,Spa,Ahmedabad,Ahmedabad
Hotel Sigma Inn,3.7,Very Good,Chandkheda,2.8 km drive to Narendra Modi Stadium,1710,1800,5.0,24-hour Room Service,Ahmedabad,Ahmedabad
Hotel Jay Villa Grand,3.9,Very Good,Ellisbridge,2.9 km drive to GSRTC Central Bus Depot,1242,2000,37.9,Fireplace,Ahmedabad,Ahmedabad
Hotel NOVA Prime,2.3,Average,Thaltej,,1222,2600,53.0,24-hour Room Service,Ahmedabad,Ahmedabad
Hotel Saffron,4.0,Very Good,Changodar,25.4 km from city centre,940,1100,14.5,Restaurant,Ahmedabad,Ahmedabad
Hotel Lotus Pink,2.4,Average,Memnagar,,4392,4999,12.1,24-hour Room Service,Ahmedabad,Ahmedabad
Hotel Patang24,3.5,Very Good,Sarkhej Gandhinagar highway,,1879,2199,14.6,24-hour Room Service,Ahmedabad,Ahmedabad
Peradiot Hotel,1.9,Poor,Vastrapur,5 minutes walk to Ahmedabad One Mall,1158,1699,31.8,24-hour Room Service,Ahmedabad,Ahmedabad
Hotel Royal Crown,3.3,Good,Bopal,,1846,2700,31.6,Restaurant,Ahmedabad,Ahmedabad
HOTEL ROYAL 21,2.7,Average,Gurukul,6 minutes walk to Ahmedabad One Mall,1408,2199,36.0,Restaurant,Ahmedabad,Ahmedabad
Exora Inn,4.0,Very Good,Paldi,7 minutes walk to Gandhigram Railway Station,3322,4300,22.7,Restaurant,Ahmedabad,Ahmedabad
Hotel Gitanjali Inn,3.4,Good,Navrangpura,,2100,3000,30.0,24-hour Room Service,Ahmedabad,Ahmedabad
Marshall The Grand Hotel,3.9,Very Good,Paldi,,10999,10999,0.0,Lounge,Ahmedabad,Ahmedabad
HOTEL ROYAL 24,2.4,Average,GIDC Naroda,14.5 km from city centre,2595,4200,38.2,Restaurant,Ahmedabad,Ahmedabad
Hotel Marigold Naroda,4.2,Very Good,Naroda,8.9 km drive to Sardar Vallabhbhai Patel International Airport,1580,3599,56.1,24-hour Room Service,Ahmedabad,Ahmedabad
Hotel Vice President,2.8,Average,Ashram Road,9.5 km drive to Sardar Vallabhbhai Patel International Airport,979,2699,63.7,Fireplace,Ahmedabad,Ahmedabad
FabHotel GL Residency - Satellite,2.9,Average,Jodhpur,,1430,3418,58.2,Restaurant,Ahmedabad,Ahmedabad
Hotel Stay Inn,3.8,Very Good,Changodar,23.0 km from city centre,1387,1800,22.9,24-hour Room Service,Ahmedabad,Ahmedabad
Hotel Krishna Palace.,2.6,Average,GIDC Naroda,6 minutes walk to Naroda Railway Station,817,1250,34.6,24-hour Room Service,Ahmedabad,Ahmedabad
Hotel Royal Plaza(Paldi),2.5,Average,Paldi,,1077,1400,23.1,Restaurant,Ahmedabad,Ahmedabad
FabHotel Crystal Inn II - Paldi Char Rasta,2.2,Average,Paldi,3.0 km drive to GSRTC Central Bus Depot,1327,3172,58.2,Fireplace,Ahmedabad,Ahmedabad
Hotel Lee Platinum,3.7,Very Good,GIDC Naroda,9.9 km drive to Sardar Vallabhbhai Patel International Airport,984,1999,50.8,Restaurant,Ahmedabad,Ahmedabad
Hotel The Era,3.3,Good,Keshav Nagar,830 m drive to Sabarmati Ashram,1532,2699,43.2,24-hour Room Service,Ahmedabad,Ahmedabad
Super Hotel O Jamalpur Ahmedabad Formerly Hotel Peace,3.6,Very Good,Behrampura,1.9 km drive to GSRTC Central Bus Depot,1291,2379,45.7,24-hour Room Service,Ahmedabad,Ahmedabad
HOTEL CHANDRA PALACE,3.2,Good,Chandkheda,,1149,1500,23.4,Bonfire,Ahmedabad,Ahmedabad
Hotel Maple,3.9,Very Good,Bopal,,1159,3999,71.0,24-hour Room Service,Ahmedabad,Ahmedabad
Hotel Silver Inn,3.5,Very Good,Ahmedabad,8.2 km drive to Sardar Vallabhbhai Patel International Airport,1196,1399,14.5,24-hour Room Service,Ahmedabad,Ahmedabad
Hotel The S.G,3.0,Good,Sarkhej Gandhinagar highway,,1179,1699,30.6,24-hour Room Service,Ahmedabad,Ahmedabad
hotel prime view,4.0,Very Good,Sabarmati,2.0 km drive to Narendra Modi Stadium,1168,1799,35.1,24-hour Room Service,Ahmedabad,Ahmedabad
Hotel Pacific Villa,1.9,Poor,Khodiyar,9 minutes walk to Vaishnodevi Cir,2286,3000,23.8,Gym,Ahmedabad,Ahmedabad
Hotel Tirupati,3.0,Good,Odhav,,1192,2429,50.9,Kids Play Area,Ahmedabad,Ahmedabad
Marshall The Hotel,3.5,Very Good,Kalupur,5 minutes walk to Ahmedabad Railway Station,2200,3899,43.6,Restaurant,Ahmedabad,Ahmedabad
Hotel Metro Inn,2.6,Average,Kankaria,2 minutes walk to GSRTC Central Bus Depot,1627,2380,31.6,24-hour Room Service,Ahmedabad,Ahmedabad
Super Collection O Alpha One,3.3,Good,GIDC Naroda,9.0 km drive to Sardar Vallabhbhai Patel International Airport,931,1730,46.2,24-hour Room Service,Ahmedabad,Ahmedabad
Hotel The Royal Plaza,2.7,Average,Sarkhej Gandhinagar highway,,2845,3500,18.7,24-hour Room Service,Ahmedabad,Ahmedabad
Hotel Midtown,3.1,Good,Khadia,2.6 km drive to GSRTC Central Bus Depot,2097,3619,42.1,24-hour Room Service,Ahmedabad,Ahmedabad
hotel new kunj villa,3.8,Very Good,Acher,1.8 km drive to Narendra Modi Stadium,1367,1600,14.6,Fireplace,Ahmedabad,Ahmedabad
Hotel Siddhartha Palace,3.1,Good,Shahibaug,5.5 km drive to Sardar Vallabhbhai Patel International Airport,2270,4319,47.4,Restaurant,Ahmedabad,Ahmedabad
Hotel Prime Town,3.2,Good,Sarkhej Gandhinagar highway,,2182,2500,12.7,24-hour Room Service,Ahmedabad,Ahmedabad
PRITHVI HOTEL,3.7,Very Good,Maninagar,3.0 km drive to GSRTC Central Bus Depot,2250,2500,10.0,Restaurant,Ahmedabad,Ahmedabad
Hotel Pacific View,2.3,Average,Motera,2.9 km drive to Narendra Modi Stadium,1538,1800,14.6,Restaurant,Ahmedabad,Ahmedabad
Hotel Priya Palace,2.4,Average,Nana Chiloda,9.9 km drive to Sardar Vallabhbhai Patel International Airport,1385,1800,23.1,24-hour Room Service,Ahmedabad,Ahmedabad
Hotel Mansarovar,3.5,Very Good,Maninagar,,1461,1800,18.8,Restaurant,Ahmedabad,Ahmedabad
Super Collection O Maninagar Near Railway Station formerly A1 Residency,3.5,Very Good,Maninagar,7 minutes walk to Maninagar Railway Station,1296,3039,57.4,24-hour Room Service,Ahmedabad,Ahmedabad
HOTEL LINCOLN INN Ahmedabad,2.5,Average,GIDC Naroda,8.1 km drive to Sardar Vallabhbhai Patel International Airport,928,1120,17.1,24-hour Room Service,Ahmedabad,Ahmedabad
Hotel Midnight,3.7,Very Good,Sarkhej Gandhinagar highway,,1159,1700,31.8,24-hour Room Service,Ahmedabad,Ahmedabad
Hotel Avion Inn,2.9,Average,Sarkhej Gandhinagar highway,,1190,2400,50.4,24-hour Room Service,Ahmedabad,Ahmedabad
Hotel C.G. Plaza,3.6,Very Good,Ellisbridge,,1110,1299,14.5,Gym,Ahmedabad,Ahmedabad
Hotel Malwa Residency,3.7,Very Good,Kankaria,1.5 km drive to GSRTC Central Bus Depot,919,1200,23.4,24-hour Room Service,Ahmedabad,Ahmedabad
HOTEL OZONE,2.9,Average,Sarkhej Gandhinagar highway,,1966,2519,22.0,24-hour Room Service,Ahmedabad,Ahmedabad
Hotel Red Rose,3.6,Very Good,Nikol,,1227,2700,54.6,24-hour Room Service,Ahmedabad,Ahmedabad
Hotel Chatako (Near CTM Circle),3.0,Good,Jasodanagr,,1272,1650,22.9,Restaurant,Ahmedabad,Ahmedabad
Hotel Elite Inn,3.8,Very Good,Bopal,,1514,3600,57.9,Restaurant,Ahmedabad,Ahmedabad
The Nest Residency,3.7,Very Good,Asarwa,6.7 km drive to Sardar Vallabhbhai Patel International Airport,1701,2199,22.6,Fireplace,Ahmedabad,Ahmedabad
Hotel Lavit,4.3,Excellent,Sola Village,,1022,1500,31.9,24-hour Room Service,Ahmedabad,Ahmedabad
Hotel Lords Inn,3.1,Good,Nana Chiloda,9.9 km drive to Sardar Vallabhbhai Patel International Airport,2106,2899,27.4,24-hour Room Service,Ahmedabad,Ahmedabad
Hotel Lake Palace By G L Group,3.3,Good,Maninagar,,1188,1800,34.0,24-hour Room Service,Ahmedabad,Ahmedabad
Hotel Pinnacle Villa,2.6,Average,Memnagar,,1281,1499,14.5,Spa,Ahmedabad,Ahmedabad
Hotel Acropole,3.3,Good,Jodhpur,8 minutes walk to Vastrapur Railway Station,1193,2100,43.2,Butler Services,Ahmedabad,Ahmedabad
Hotel the Rajshree,2.4,Average,Ashram Road,9.7 km drive to Sardar Vallabhbhai Patel International Airport,751,1099,31.7,Fireplace,Ahmedabad,Ahmedabad
FabHotel Crystal - Nr. Odau Ring Road,3.1,Good,Odhav,,1232,2945,58.2,Restaurant,Ahmedabad,Ahmedabad
HOTEL FLOURISH INTERNATIONAL,4.2,Very Good,Changodar,24.2 km from city centre,3276,3600,9.0,Restaurant,Ahmedabad,Ahmedabad
Super Collection O Maninagar formerly Park Land,4.0,Very Good,Khokhra,2 minutes walk to Maninagar Railway Station,844,2148,60.7,24-hour Room Service,Ahmedabad,Ahmedabad
Hotel Prime,3.7,Very Good,Bhadra,2.3 km drive to GSRTC Central Bus Depot,1419,2599,45.4,24-hour Room Service,Ahmedabad,Ahmedabad
Hotel Kalash Residency,3.5,Very Good,Navrangpura,,925,1350,31.5,Gym,Ahmedabad,Ahmedabad
FabExpress Royal Bird,3.2,Good,Chandlodia,,1168,2926,60.1,24-hour Room Service,Ahmedabad,Ahmedabad
Hotel Regal Residency,3.5,Very Good,Ellisbridge,About a minute walk to Gandhigram Railway Station,2617,2999,12.7,Water Sports,Ahmedabad,Ahmedabad
Tandoor Palace Hotel (Nana Chiloda),4.0,Very Good,Nana Chiloda,9.1 km drive to Sardar Vallabhbhai Patel International Airport,1880,2200,14.5,Restaurant,Ahmedabad,Ahmedabad
Govardhan Guest House,3.5,Very Good,Bapunagar,,2617,2999,12.7,24-hour Room Service,Ahmedabad,Ahmedabad
Hotel Radhe Group,3.3,Good,Chandkheda,8.7 km drive to Sardar Vallabhbhai Patel International Airport,1282,1500,14.5,Fireplace,Ahmedabad,Ahmedabad
Hotel Rudra Mahal,2.9,Average,Ellisbridge,3.0 km drive to GSRTC Central Bus Depot,1235,1700,27.4,24-hour Room Service,Ahmedabad,Ahmedabad
Hotel Landmark,3.2,Good,Nana Chiloda,10.0 km drive to Sardar Vallabhbhai Patel International Airport,1454,1890,23.1,Restaurant,Ahmedabad,Ahmedabad
Hotel The Grand Radhey,3.2,Good,Nikol,,2337,4500,48.1,Spa,Ahmedabad,Ahmedabad
HOTEL MANGALYA,2.8,Average,Navrangpura,9.7 km drive to Sardar Vallabhbhai Patel International Airport,1367,2000,31.6,24-hour Room Service,Ahmedabad,Ahmedabad
Hotel Cosmopolitan,4.2,Very Good,Navrangpura,,3593,4550,21.0,Restaurant,Ahmedabad,Ahmedabad
FabHotel SR Naroda,3.5,Very Good,GIDC Naroda,17.2 km from city centre,1406,3169,55.6,Fireplace,Ahmedabad,Ahmedabad
Hotel Circle Inn,3.1,Good,Sarkhej Gandhinagar highway,2 minutes walk to Vaishnodevi Cir,2020,3099,34.8,24-hour Room Service,Ahmedabad,Ahmedabad
Hotel Raj Tilak,3.0,Good,Paldi,10 minutes walk to Gandhigram Railway Station,981,1350,27.3,Lounge,Ahmedabad,Ahmedabad
Hotel Royal Park,3.1,Good,Motera,2.3 km drive to Narendra Modi Stadium,1000,1800,44.4,24-hour Room Service,Ahmedabad,Ahmedabad
HOTEL BASERA,3.5,Very Good,Kalupur,2.3 km drive to GSRTC Central Bus Depot,909,1200,24.2,24-hour Room Service,Ahmedabad,Ahmedabad
Hotel Bilva Tree,3.5,Very Good,Sola Village,,1537,2249,31.7,24-hour Room Service,Ahmedabad,Ahmedabad
The House of MG,4.5,Excellent,Mirzapur,2.6 km drive to GSRTC Central Bus Depot,11500,11500,0.0,Spa,Ahmedabad,Ahmedabad
Hotel O Satkar,3.8,Very Good,Navrangpura,,1000,2096,52.3,24-hour Room Service,Ahmedabad,Ahmedabad
HOTEL GGC INN,2.8,Average,Chandkheda,,1175,1800,34.7,Spa,Ahmedabad,Ahmedabad
Hotel Earth Inn,4.0,Very Good,Keshav Nagar,770 m drive to Sabarmati Ashram,1709,2000,14.6,24-hour Room Service,Ahmedabad,Ahmedabad
FabHotel Bliss - Inside Suryam Trade Centre,2.8,Average,Odhav,,1219,3417,64.3,Restaurant,Ahmedabad,Ahmedabad
Hotel Comfort,3.6,Very Good,Sarkhej Gandhinagar highway,,1615,2100,23.1,24-hour Room Service,Ahmedabad,Ahmedabad
Hotel New Lake View,4.0,Very Good,Vastrapur,7 minutes walk to Ahmedabad One Mall,1392,1699,18.1,24-hour Room Service,Ahmedabad,Ahmedabad
Hotel Runway inn,3.1,Good,Near Ahmedabad Airport,2.7 km drive to Sardar Vallabhbhai Patel International Airport,1277,2200,42.0,24-hour Room Service,Ahmedabad,Ahmedabad
Hotel Green Fortune,3.3,Good,Naranpura,,2033,2799,27.4,24-hour Room Service,Ahmedabad,Ahmedabad
Hotel Sheraton Inn,3.7,Very Good,Paldi,,957,1500,36.2,Restaurant,Ahmedabad,Ahmedabad
Hotel Parth Palace,3.3,Good,Bapunagar,,1135,1499,24.3,24-hour Room Service,Ahmedabad,Ahmedabad
Hotel Krishna Chandkheda,3.2,Good,Chandkheda,,26021,50000,48.0,Restaurant,Ahmedabad,Ahmedabad
Hotel Gitanjali,2.5,Average,Kalupur,2.2 km drive to GSRTC Central Bus Depot,769,1299,40.8,24-hour Room Service,Ahmedabad,Ahmedabad
Hotel O Sai Villa,2.1,Average,Bhat,9.0 km drive to Sardar Vallabhbhai Patel International Airport,1045,1929,45.8,24-hour Room Service,Ahmedabad,Ahmedabad
Hotel sunsarovar,3.4,Good,Maninagar East,About a minute walk to Maninagar Railway Station,940,2149,56.3,Restaurant,Ahmedabad,Ahmedabad
Hotel Royal Apple,3.6,Very Good,Naroda,7.6 km drive to Sardar Vallabhbhai Patel International Airport,679,1259,46.1,Restaurant,Ahmedabad,Ahmedabad
Hotel Panetar Palace,3.7,Very Good,Odhav,,1154,1350,14.5,24-hour Room Service,Ahmedabad,Ahmedabad
Hotel Royal Stay,2.8,Average,Sarkhej Gandhinagar highway,,1636,2899,43.6,24-hour Room Service,Ahmedabad,Ahmedabad
Rajdeep Inn,2.5,Average,Prahlad Nagar,7 minutes walk to Prahlad Nagar Garden,2076,3780,45.1,Restaurant,Ahmedabad,Ahmedabad
HOTEL NEPTUNE,2.3,Average,Nikol,,1025,1199,14.5,24-hour Room Service,Ahmedabad,Ahmedabad
Hotel SD Prime,3.5,Very Good,Sabarmati,10.0 km drive to Sardar Vallabhbhai Patel International Airport,1966,2300,14.5,Restaurant,Ahmedabad,Ahmedabad
Hotel Shree Balaji Residency,3.5,Very Good,Navrangpura,9.9 km drive to Sardar Vallabhbhai Patel International Airport,2498,4000,37.6,24-hour Room Service,Ahmedabad,Ahmedabad
HOTEL RAJVANSHI,2.7,Average,Sarkhej Gandhinagar highway,,769,900,14.6,24-hour Room Service,Ahmedabad,Ahmedabad
Hotel Venus,2.3,Average,Chandkheda,,1743,2400,27.4,24-hour Room Service,Ahmedabad,Ahmedabad
Hotel Satluj,2.8,Average,Naroda,7.4 km drive to Sardar Vallabhbhai Patel International Airport,1705,2100,18.8,24-hour Room Service,Ahmedabad,Ahmedabad
HOTEL SARVAGYA,2.2,Average,Navrangpura,,1923,2500,23.1,24-hour Room Service,Ahmedabad,Ahmedabad
HOTEL MAX VILLA,3.9,Very Good,Sarkhej- Okaf,,2596,3500,25.8,24-hour Room Service,Ahmedabad,Ahmedabad
Hotel Leisure,3.2,Good,Motera,2.8 km drive to Narendra Modi Stadium,732,2000,63.4,Restaurant,Ahmedabad,Ahmedabad
FabExpress Canada - Inside Gold Coast Complex,3.5,Very Good,Vastral,,1536,3669,58.1,Restaurant,Ahmedabad,Ahmedabad
Hotel O Red Apple,3.3,Good,Old Wadaj,2.3 km drive to Sabarmati Ashram,1425,2630,45.8,24-hour Room Service,Ahmedabad,Ahmedabad
Collection O Airport Road formerly Hotel Kyra,2.9,Average,Hansol,3.3 km drive to Sardar Vallabhbhai Patel International Airport,1950,3600,45.8,24-hour Room Service,Ahmedabad,Ahmedabad
Hotel Jaunt Safari,3.5,Very Good,Motera,2.9 km drive to Narendra Modi Stadium,657,900,27.0,24-hour Room Service,Ahmedabad,Ahmedabad
Hotel Neelkamal,4.0,Very Good,Navrangpura,,1542,1899,18.8,24-hour Room Service,Ahmedabad,Ahmedabad
The Westend,3.8,Very Good,Ellisbridge,,4008,4500,10.9,24-hour Room Service,Ahmedabad,Ahmedabad
Hotel Sadbhav,3.2,Good,Shahibaug,5.3 km drive to Sardar Vallabhbhai Patel International Airport,1212,1600,24.2,24-hour Room Service,Ahmedabad,Ahmedabad
Hotel RK Villa Bapunagar,3.3,Good,Bapunagar,,953,1399,31.9,24-hour Room Service,Ahmedabad,Ahmedabad
Hotel Atlanta,2.8,Average,GIDC Naroda,9.0 km drive to Sardar Vallabhbhai Patel International Airport,1153,1349,14.5,24-hour Room Service,Ahmedabad,Ahmedabad
Hotel German,4.0,Very Good,D Colony,,1269,1980,35.9,24-hour Room Service,Ahmedabad,Ahmedabad
Hotel Shivaay,3.2,Good,Chandkheda,9.6 km drive to Sardar Vallabhbhai Patel International Airport,923,1080,14.5,24-hour Room Service,Ahmedabad,Ahmedabad
FabHotel Galaxy I - Inside Sai Avenue,3.0,Good,Naroda,8.5 km drive to Sardar Vallabhbhai Patel International Airport,1224,2926,58.2,Fireplace,Ahmedabad,Ahmedabad
Hotel O Veejay,3.2,Good,Navrangpura,,871,1827,52.3,24-hour Room Service,Ahmedabad,Ahmedabad
Hotel Lake Palace,2.4,Average,Gurukul,5 minutes walk to Ahmedabad One Mall,1197,1400,14.5,Swimming Pool,Ahmedabad,Ahmedabad
Hotel Anjani Inn,3.5,Very Good,Amraiwadi,,1435,2999,52.2,24-hour Room Service,Ahmedabad,Ahmedabad
Hotel Shree Nivas,2.9,Average,Sarkhej Gandhinagar highway,,922,1199,23.1,24-hour Room Service,Ahmedabad,Ahmedabad
Hotel RJ Residency C.G. Road,3.6,Very Good,Navrangpura,,920,1350,31.9,24-hour Room Service,Ahmedabad,Ahmedabad
Hotel Shiv Sagar Palace,2.8,Average,Odhav,,1816,2399,24.3,24-hour Room Service,Ahmedabad,Ahmedabad
Hotel Madhav,3.4,Good,Odhav,,886,1529,42.1,24-hour Room Service,Ahmedabad,Ahmedabad
Hotel Sunvilla,3.5,Very Good,Jodhpur,,1623,1899,14.5,24-hour Room Service,Ahmedabad,Ahmedabad
Hotel Prime 24,3.5,Very Good,Navrangpura,,1197,1400,14.5,24-hour Room Service,Ahmedabad,Ahmedabad
Hotel Hill Inn,2.8,Average,Ambli,,1135,1999,43.2,Butler Services,Ahmedabad,Ahmedabad
Hotel Avenue Lake,3.5,Very Good,Sarkhej Gandhinagar highway,,1709,2000,14.6,Butler Services,Ahmedabad,Ahmedabad
The Park Residency,3.9,Very Good,Gurukul,8 minutes walk to Ahmedabad One Mall,4095,4500,9.0,Restaurant,Ahmedabad,Ahmedabad
FabHotel Skyland - Inside Bhavya Shopping complex,3.0,Good,Bopal,,1428,3413,58.2,Restaurant,Ahmedabad,Ahmedabad
Hotel Madhav,3.6,Very Good,Ellisbridge,3 minutes walk to Parimal Garden,1026,1200,14.5,24-hour Room Service,Ahmedabad,Ahmedabad
Hotel O Malva,3.5,Very Good,Nikol,,1135,2111,46.2,24-hour Room Service,Ahmedabad,Ahmedabad
Hotel Citizen Inn,1.9,Poor,Sarkhej Gandhinagar highway,,1713,2111,18.9,Restaurant,Ahmedabad,Ahmedabad
Hotel Seven,1.7,Poor,Old Wadaj,7 minutes walk to Sabarmati Ashram,1282,1500,14.5,Fireplace,Ahmedabad,Ahmedabad
Hotel O Navjivan,3.1,Good,Isanpur,,846,1571,46.1,24-hour Room Service,Ahmedabad,Ahmedabad
hotel avenue sky,3.5,Very Good,Sarkhej Gandhinagar highway,,1623,1899,14.5,24-hour Room Service,Ahmedabad,Ahmedabad
THE GRAND PIANO HOTEL,3.5,Very Good,GIDC Naroda,9.0 km drive to Sardar Vallabhbhai Patel International Airport,1316,1800,26.9,24-hour Room Service,Ahmedabad,Ahmedabad
HOTEL BALWAS,3.4,Good,Mirzapur,2.7 km drive to GSRTC Central Bus Depot,1005,1359,26.0,24-hour Room Service,Ahmedabad,Ahmedabad
Hotel RK Rooms,3.5,Very Good,Maninagar,8 minutes walk to Maninagar Railway Station,825,1199,31.2,24-hour Room Service,Ahmedabad,Ahmedabad
Hotel Pratiksha,3.5,Very Good,Naroda,7.4 km drive to Sardar Vallabhbhai Patel International Airport,1638,2000,18.1,24-hour Room Service,Ahmedabad,Ahmedabad
Hotel Sun Shine,2.8,Average,Sola Village,,2050,2399,14.5,24-hour Room Service,Ahmedabad,Ahmedabad
Super Hotel O Nana Chiloda Near Airport,3.9,Very Good,GIDC Naroda,9.0 km drive to Sardar Vallabhbhai Patel International Airport,898,2286,60.7,24-hour Room Service,Ahmedabad,Ahmedabad
FabHotel Meritus Inn - Inside Global Business Park,2.6,Average,Odhav,,1327,3171,58.2,Fireplace,Ahmedabad,Ahmedabad
Hotel Sagar Inn,2.9,Average,Kalupur,2.8 km drive to GSRTC Central Bus Depot,1325,1550,14.5,Lounge,Ahmedabad,Ahmedabad
Atithi The Hotel,3.8,Very Good,Ellisbridge,,2093,2300,9.0,Restaurant,Ahmedabad,Ahmedabad
Hotel Shreenath,3.9,Very Good,Maninagar,2 minutes walk to Maninagar Railway Station,1363,2000,31.8,Restaurant,Ahmedabad,Ahmedabad
Hotel Nilkanth,2.8,Average,Chandkheda,9.5 km drive to Sardar Vallabhbhai Patel International Airport,868,999,13.1,Restaurant,Ahmedabad,Ahmedabad
Hotel Skyland navrangpura,3.1,Good,Navrangpura,,1306,1500,12.9,24-hour Room Service,Ahmedabad,Ahmedabad
Hotel Jasmine,2.6,Average,Paldi,,1217,1499,18.8,24-hour Room Service,Ahmedabad,Ahmedabad
juSTa Diwans Bungalow,3.5,Very Good,Raikhad,2.1 km drive to GSRTC Central Bus Depot,5639,7141,21.0,24-hour Room Service,Ahmedabad,Ahmedabad
Hotel Pratham inn,3.4,Good,Vastrapur,5 minutes walk to Ahmedabad One Mall,1111,1529,27.3,24-hour Room Service,Ahmedabad,Ahmedabad
Hotel Shiv Villa,3.5,Very Good,Maninagar,5 minutes walk to Maninagar Railway Station,1514,1999,24.3,Restaurant,Ahmedabad,Ahmedabad
Hotel Riva Palace,3.9,Very Good,Ranip,1.3 km drive to Sabarmati Ashram,1609,2500,35.6,Butler Services,Ahmedabad,Ahmedabad
Hotel Anand Lake,4.0,Very Good,Bhat,6.4 km drive to Sardar Vallabhbhai Patel International Airport,1533,2250,31.9,24-hour Room Service,Ahmedabad,Ahmedabad
Hotel O Blue Moon,2.9,Average,Saraspur,8.7 km drive to Sardar Vallabhbhai Patel International Airport,959,1782,46.2,24-hour Room Service,Ahmedabad,Ahmedabad
Hotel Darshan S.P. Ring Road,3.2,Good,Nava Naroda,14.9 km from city centre,1519,4500,66.2,Restaurant,Ahmedabad,Ahmedabad
HOTEL GAGAN PALACE,1.7,Poor,Changodar,20.6 km from city centre,855,1000,14.5,24-hour Room Service,Ahmedabad,Ahmedabad
Hotel Vimal Inn,3.5,Very Good,Gurukul,9 minutes walk to Ahmedabad One Mall,2302,2638,12.7,24-hour Room Service,Ahmedabad,Ahmedabad
Hotel Karnavati Palace,2.2,Average,Nikol,,1000,1300,23.1,24-hour Room Service,Ahmedabad,Ahmedabad
Hotel Season,2.8,Average,Near Ahmedabad Airport,1.8 km drive to Sardar Vallabhbhai Patel International Airport,2320,3000,22.7,24-hour Room Service,Ahmedabad,Ahmedabad
Hotel Niranta,4.1,Very Good,GIDC Vatwa,,1136,1500,24.3,Lounge,Ahmedabad,Ahmedabad
Hotel Sky INN,3.5,Very Good,Odhav,,2182,2500,12.7,24-hour Room Service,Ahmedabad,Ahmedabad
Hotel Radhika Palace,1.9,Poor,Old Wadaj,2.1 km drive to Sabarmati Ashram,2355,2699,12.7,24-hour Room Service,Ahmedabad,Ahmedabad
Hotel Dwarkesh,3.2,Good,Bhat,4.9 km drive to Sardar Vallabhbhai Patel International Airport,1538,1800,14.6,24-hour Room Service,Ahmedabad,Ahmedabad
Hotel Viva Inn,3.2,Good,Gurukul,9 minutes walk to Ahmedabad One Mall,1506,1798,16.2,24-hour Room Service,Ahmedabad,Ahmedabad
Belvedere Golf & Country Club,4.3,Excellent,Shantigram,19.8 km from city centre,9306,11500,19.1,Swimming Pool,Ahmedabad,Ahmedabad
HOTEL ALPINE,3.5,Very Good,Maninagar,,1563,1829,14.5,24-hour Room Service,Ahmedabad,Ahmedabad
Hotel Ayaank,3.6,Very Good,Bopal,,984,1299,24.2,24-hour Room Service,Ahmedabad,Ahmedabad
Hotel Mahi Inn,3.5,Very Good,GIDC Vatwa,,937,1457,35.7,24-hour Room Service,Ahmedabad,Ahmedabad
Hotel The Crown,3.5,Very Good,GIDC Naroda,9.0 km drive to Sardar Vallabhbhai Patel International Airport,478,699,31.6,24-hour Room Service,Ahmedabad,Ahmedabad
Hotel Moscow,3.2,Good,Maninagar,4 minutes walk to Maninagar Railway Station,1504,2200,31.6,Restaurant,Ahmedabad,Ahmedabad
Hotel Everest,3.3,Good,Changodar,23.2 km from city centre,1365,1499,8.9,24-hour Room Service,Ahmedabad,Ahmedabad
Hotel Darshan And Restaurant,1.8,Poor,Shahibaug,5.9 km drive to Sardar Vallabhbhai Patel International Airport,1000,1170,14.5,Gym,Ahmedabad,Ahmedabad
Hotel Anushri Villa,4.0,Very Good,Keshav Nagar,890 m drive to Sabarmati Ashram,1367,1599,14.5,Restaurant,Ahmedabad,Ahmedabad
Hotel Angel,3.5,Very Good,GIDC Naroda,9.9 km drive to Sardar Vallabhbhai Patel International Airport,1025,1199,14.5,24-hour Room Service,Ahmedabad,Ahmedabad
Hotel Yellow Lime,3.3,Good,Sarkhej- Okaf,,2182,2500,12.7,Restaurant,Ahmedabad,Ahmedabad
HOTEL THE STAY LIONS,2.8,Average,Paldi,,1961,4500,56.4,Fireplace,Ahmedabad,Ahmedabad
Hotel Hari Om,3.5,Very Good,Vasna,,855,1000,14.5,24-hour Room Service,Ahmedabad,Ahmedabad
Hotel Privilege Villa,2.9,Average,Ahmedabad,,1475,1800,18.1,24-hour Room Service,Ahmedabad,Ahmedabad
MTrip Hotel,3.3,Good,Sarkhej Gandhinagar highway,4 minutes walk to Prahlad Nagar Garden,1534,2699,43.2,Restaurant,Ahmedabad,Ahmedabad
Super Hotel O 828256 Hotel Yuvraj,3.5,Very Good,GIDC Naroda,9.0 km drive to Sardar Vallabhbhai Patel International Airport,744,1561,52.3,24-hour Room Service,Ahmedabad,Ahmedabad
Hotel Anupam,3.2,Good,Paldi,,1310,1599,18.1,Fireplace,Ahmedabad,Ahmedabad
Hotel Maan Villa By G L Group,3.7,Very Good,Ellisbridge,,1438,1899,24.3,24-hour Room Service,Ahmedabad,Ahmedabad
Hotel Delux,2.0,Average,Bhadra,2.1 km drive to GSRTC Central Bus Depot,727,880,17.4,Restaurant,Ahmedabad,Ahmedabad
HOTEL TWILIGHT,3.1,Good,Kalupur,8.6 km drive to Sardar Vallabhbhai Patel International Airport,1979,2199,10.0,24-hour Room Service,Ahmedabad,Ahmedabad
Hotel Nova Blue,3.7,Very Good,Nana Chiloda,9.9 km drive to Sardar Vallabhbhai Patel International Airport,1397,2000,30.2,Jacuzzi,Ahmedabad,Ahmedabad
Hotel Red Blue,3.0,Good,Naroda,8.9 km drive to Sardar Vallabhbhai Patel International Airport,2386,2899,17.7,24-hour Room Service,Ahmedabad,Ahmedabad
Hotel RR Palace,3.6,Very Good,Chandkheda,8.7 km drive to Sardar Vallabhbhai Patel International Airport,1733,2000,13.4,24-hour Room Service,Ahmedabad,Ahmedabad
HOTEL RV RESIDENCY,3.5,Very Good,Gurukul,9 minutes walk to Ahmedabad One Mall,1292,1512,14.6,24-hour Room Service,Ahmedabad,Ahmedabad
Hotel Maan Palace Chandkheda,3.5,Very Good,Chandkheda,,954,1400,31.9,Butler Services,Ahmedabad,Ahmedabad
Palak Villa Hotel,2.9,Average,Ahmedabad,,1041,2500,58.4,24-hour Room Service,Ahmedabad,Ahmedabad
Hotel Satellite Inn,3.1,Good,Jodhpur,,1675,2800,40.2,24-hour Room Service,Ahmedabad,Ahmedabad
Hotel O Ramnivas Residency,1.4,Poor,Sherkotda,7 minutes walk to GSRTC Central Bus Depot,628,1157,45.7,24-hour Room Service,Ahmedabad,Ahmedabad
Hotel O Crystal,2.7,Average,Ashram Road,9.5 km drive to Sardar Vallabhbhai Patel International Airport,854,1575,45.8,Restaurant,Ahmedabad,Ahmedabad
Hotel Arotel,3.5,Very Good,GIDC Vatwa,,956,1599,40.2,Butler Services,Ahmedabad,Ahmedabad
Pearl Of Heaven The Hotel,3.2,Good,Changodar,20.3 km from city centre,2475,3200,22.7,Restaurant,Ahmedabad,Ahmedabad
Hotel Premium villa,3.5,Very Good,Chandkheda,,1453,1700,14.5,24-hour Room Service,Ahmedabad,Ahmedabad
Hotel Safar Inn,2.3,Average,Mirzapur,2.9 km drive to GSRTC Central Bus Depot,1153,1499,23.1,24-hour Room Service,Ahmedabad,Ahmedabad
hotel kings way,3.5,Very Good,Vatva,,1720,2000,14.0,24-hour Room Service,Ahmedabad,Ahmedabad
FabExpress Gokul Villa - Inside Panch Ratna Complex,2.9,Average,Old Wadaj,2.2 km drive to Sabarmati Ashram,1226,2930,58.2,Fireplace,Ahmedabad,Ahmedabad
Hotel Royal Pride,3.3,Good,GIDC Vatwa,,1453,2000,27.4,24-hour Room Service,Ahmedabad,Ahmedabad
Hotel Om Palace.,1.9,Poor,Ellisbridge,3.0 km drive to GSRTC Central Bus Depot,684,800,14.5,24-hour Room Service,Ahmedabad,Ahmedabad
Hotel Marigold,2.4,Average,Sarkhej Gandhinagar highway,,1091,1349,19.1,24-hour Room Service,Ahmedabad,Ahmedabad
Hotel Sai Villa Ashram Road,3.2,Good,Old Wadaj,2.6 km drive to Sabarmati Ashram,1471,2699,45.5,24-hour Room Service,Ahmedabad,Ahmedabad
Hotel New Empire,2.8,Average,Jodhpur,,1923,4500,57.3,24-hour Room Service,Ahmedabad,Ahmedabad
Hotel Saubhagya,3.5,Very Good,Aslali,,1466,1936,24.3,Restaurant,Ahmedabad,Ahmedabad
Hotel New York,3.5,Very Good,Hansol,3.6 km drive to Sardar Vallabhbhai Patel International Airport,1281,1499,14.5,Restaurant,Ahmedabad,Ahmedabad
Hotel Sarovar Inn Narol,1.7,Poor,Narolgam,,1059,1399,24.3,24-hour Room Service,Ahmedabad,Ahmedabad
Hotel Grand Unity,3.7,Very Good,Changodar,17.9 km from city centre,1600,3150,49.2,Gym,Ahmedabad,Ahmedabad
Hotel Sun Square,3.6,Very Good,Chandkheda,,2320,3000,22.7,24-hour Room Service,Ahmedabad,Ahmedabad
Hotel Ashray,2.4,Average,Ellisbridge,6 minutes walk to Gandhigram Railway Station,2617,2999,12.7,24-hour Room Service,Ahmedabad,Ahmedabad
HOTEL BHAVYA VILLA,3.2,Good,Ashram Road,9.5 km drive to Sardar Vallabhbhai Patel International Airport,2988,4000,25.3,24-hour Room Service,Ahmedabad,Ahmedabad
Hotel Royal Night,2.8,Average,Old Wadaj,6 minutes walk to Sabarmati Ashram,1135,1499,24.3,Restaurant,Ahmedabad,Ahmedabad
Hotel Mukund Inn,2.9,Average,Sarkhej Gandhinagar highway,3 minutes walk to Prahlad Nagar Garden,1130,1999,43.5,24-hour Room Service,Ahmedabad,Ahmedabad
Hotel Deep Palace,3.3,Good,Khokhra,2 minutes walk to Maninagar Railway Station,803,1490,46.1,Fireplace,Ahmedabad,Ahmedabad
Hotel Mansarovar.,3.0,Good,Odhav,,3519,5000,29.6,24-hour Room Service,Ahmedabad,Ahmedabad
Green Park Hotel,3.5,Very Good,Chandlodia,,1088,1709,36.3,24-hour Room Service,Ahmedabad,Ahmedabad
VITS Jamnagar.,4.0,Very Good,In Khambhaliya,46.0 km from Jamnagar city centre,2831,3332,15.0,Restaurant,Botad,Botad
Celebration Hotel,3.9,Very Good,Park Colony,10 minutes walk to Lakhota Lake,3300,3300,0.0,Gym,Botad,Botad
LIME TREE HOTEL,3.3,Good,Indradeep Society,1.6 km drive to Lakhota Lake,1427,2000,28.6,Restaurant,Botad,Botad
Hotel SSV,3.8,Very Good,Nava Nagar,8 minutes walk to Lakhota Lake,1293,1450,10.8,24-hour Room Service,Botad,Botad
Ashiana Hotel,3.6,Very Good,Nava Nagar,8 minutes walk to Lakhota Lake,1000,1000,0.0,Restaurant,Botad,Botad
HOTEL MANSI,4.6,Excellent,Jamnagar,15.9 km from city centre,1766,2550,30.7,Restaurant,Botad,Botad
The Sky Imperial Hotel Kailash,4.3,Excellent,Ajanta Society,4.3 km drive to Jamnagar Airport (JGA),3636,4700,22.6,Gym,Botad,Botad
Hotel Hirisa - a unit of Hotel Fortune Palace,4.0,Very Good,Mayur Nagar,2.4 km drive to Lakhota Lake,3494,4000,12.6,Restaurant,Botad,Botad
7 Seasons Resort & Spa,3.9,Very Good,Ravalsar,7.7 km drive to Jamnagar Airport (JGA),4973,5540,10.2,Jacuzzi,Botad,Botad
Hotel Kirti,3.9,Very Good,Kadiawad,9 minutes walk to Lakhota Lake,1471,1650,10.8,24-hour Room Service,Botad,Botad
Raaj Svastik Inn,4.0,Very Good,Sapar,22.4 km from city centre,2114,2895,27.0,Restaurant,Botad,Botad
HOTEL PRINCE RESIDENCY,3.9,Very Good,Summair Club Road,3 minutes walk to Lakhota Lake,1605,2000,19.8,Restaurant,Botad,Botad
Prince Residency Club House,4.2,Very Good,Park Colony,1.3 km drive to Lakhota Lake,1338,1500,10.8,24-hour Room Service,Botad,Botad
Nanda Comfort In,3.8,Very Good,Indradeep Society,1.9 km drive to Lakhota Lake,2184,2500,12.6,Restaurant,Botad,Botad
Click Hotel Tulsi,3.9,Very Good,Nani Khavdi,23.6 km from city centre,2200,3666,40.0,Spa,Botad,Botad
The Garden Ananta Elite,3.6,Very Good,In Rajkot,80.0 km from Jamnagar city centre,4524,7000,35.4,Swimming Pool,Botad,Botad
Hotel Chetna,3.7,Very Good,Kadiawad,10 minutes walk to Lakhota Lake,1324,1650,19.8,24-hour Room Service,Botad,Botad
Hotel President,3.7,Very Good,Nava Nagar,8 minutes walk to Lakhota Lake,2500,2500,0.0,Restaurant,Botad,Botad
Sapphero Akshar Inn Jamnagar,3.4,Good,Kamdar Colony,2.0 km drive to Lakhota Lake,1801,2599,30.7,Restaurant,Botad,Botad
Kings Kraft The Park Executive Jamnagar,4.5,Excellent,Jamnagar,20.9 km from city centre,2965,3500,15.3,Swimming Pool,Botad,Botad
Hotel Rajdhani,3.7,Very Good,Kadiawad,1.3 km drive to Lakhota Lake,862,1000,13.8,24-hour Room Service,Botad,Botad
Hotel Regency International,4.3,Excellent,Jamnagar,20.9 km from city centre,1832,2150,14.8,Restaurant,Botad,Botad
Hotel Punit,3.9,Very Good,Kadiawad,10 minutes walk to Lakhota Lake,1498,1900,21.2,24-hour Room Service,Botad,Botad
HOTEL PARADISE,2.6,Average,Kadiawad,9 minutes walk to Lakhota Lake,957,1200,20.2,Restaurant,Botad,Botad
HOTEL GOKUL Project by Samruddhi Enterprise,3.5,Very Good,Sapar,21.7 km from city centre,1343,1761,23.7,Restaurant,Botad,Botad
Hotel Millennium Plaza,2.5,Average,Nani Khavdi,24.3 km from city centre,1882,2200,14.5,Swimming Pool,Botad,Botad
Pooja Hotel and Guest House,3.5,Very Good,Kamdar Colony,2.0 km drive to Lakhota Lake,1605,1800,10.8,Restaurant,Botad,Botad
Hotel Jay Kishan,3.5,Very Good,Nani Khavdi,24.0 km from city centre,1070,1200,10.8,24-hour Room Service,Botad,Botad
Hotel Tulsi Residency,3.1,Good,Bed,21.1 km from city centre,1427,1600,10.8,24-hour Room Service,Botad,Botad
Hotel Parth,3.3,Good,Nani Khavdi,24.9 km from city centre,1925,2250,14.4,Lounge,Botad,Botad
Hotel Trimurti,3.1,Good,Kadiawad,10 minutes walk to Lakhota Lake,2047,2750,25.6,24-hour Room Service,Botad,Botad
Sayaji Jamnagar,4.4,Excellent,Patrakar Colony,10 minutes walk to Lakhota Lake,5450,5450,0.0,Gym,Botad,Botad
Anaya Beacon Hotel,4.3,Excellent,Kamdar Colony,1.9 km drive to Lakhota Lake,3385,5359,36.8,Restaurant,Botad,Botad
Click Hotel By Suba,3.3,Good,Patrakar Colony,7 minutes walk to Lakhota Lake,1649,2999,45.0,Restaurant,Botad,Botad
Lords Eco Inn Jamnagar,3.9,Very Good,Dared,7.4 km drive to Jamnagar Airport (JGA),5202,5202,0.0,Restaurant,Botad,Botad
Hotel Kailash,2.8,Average,Digvijay Plot,About a minute walk to Lakhota Lake,1284,1500,14.4,Restaurant,Botad,Botad
Eco Inn Hotel,3.6,Very Good,Kadiawad,9 minutes walk to Lakhota Lake,1034,2000,48.3,24-hour Room Service,Botad,Botad
HOTEL LOYAL RESIDENCY,3.3,Good,Nava Nagar,8 minutes walk to Lakhota Lake,1073,1500,28.5,Restaurant,Botad,Botad
Lords Inn Jamnagar,4.0,Very Good,Nani Khavdi,23.7 km from city centre,3199,3199,0.0,Jacuzzi,Botad,Botad
Hotel Highway Hari,3.9,Very Good,Ravalsar,7.9 km drive to Jamnagar Airport (JGA),1972,2500,21.1,Restaurant,Botad,Botad
Raj Guest House,3.5,Very Good,Government Colony,About a minute walk to Lakhota Lake,4515,5000,9.7,Lounge,Botad,Botad
Chandramauli Guest House,3.5,Very Good,Summair Club Road,3 minutes walk to Lakhota Lake,5386,6000,10.2,Swimming Pool,Botad,Botad
Hotel Express Residency,3.7,Very Good,Sapar,22.0 km from city centre,3283,3758,12.6,Jacuzzi,Botad,Botad
Celebration Hotel,3.9,Very Good,Park Colony,10 minutes walk to Lakhota Lake,3300,3300,0.0,Gym,Jamnagar,Jamnagar
VITS Jamnagar.,4.0,Very Good,In Khambhaliya,46.0 km from Jamnagar city centre,2831,3332,15.0,Restaurant,Jamnagar,Jamnagar
Sayaji Jamnagar,4.4,Excellent,Patrakar Colony,10 minutes walk to Lakhota Lake,5450,5450,0.0,Gym,Jamnagar,Jamnagar
Anaya Beacon Hotel,4.3,Excellent,Kamdar Colony,1.9 km drive to Lakhota Lake,3315,5359,38.1,Restaurant,Jamnagar,Jamnagar
Lords Eco Inn Jamnagar,3.9,Very Good,Dared,7.4 km drive to Jamnagar Airport (JGA),5202,5202,0.0,Restaurant,Jamnagar,Jamnagar
The Sky Imperial Hotel Kailash,4.3,Excellent,Ajanta Society,4.3 km drive to Jamnagar Airport (JGA),3636,4700,22.6,Gym,Jamnagar,Jamnagar
LIME TREE HOTEL,3.3,Good,Indradeep Society,1.6 km drive to Lakhota Lake,1406,2000,29.7,Restaurant,Jamnagar,Jamnagar
HOTEL MANSI,4.6,Excellent,Jamnagar,15.9 km from city centre,1764,2550,30.8,Restaurant,Jamnagar,Jamnagar
Click Hotel By Suba,3.3,Good,Patrakar Colony,7 minutes walk to Lakhota Lake,1649,2999,45.0,Restaurant,Jamnagar,Jamnagar
Eco Inn Hotel,3.6,Very Good,Kadiawad,9 minutes walk to Lakhota Lake,1034,2000,48.3,24-hour Room Service,Jamnagar,Jamnagar
Hotel SSV,3.8,Very Good,Nava Nagar,8 minutes walk to Lakhota Lake,1274,1450,12.1,24-hour Room Service,Jamnagar,Jamnagar
HOTEL LOYAL RESIDENCY,3.3,Good,Nava Nagar,8 minutes walk to Lakhota Lake,1073,1500,28.5,Restaurant,Jamnagar,Jamnagar
Ashiana Hotel,3.6,Very Good,Nava Nagar,8 minutes walk to Lakhota Lake,1000,1000,0.0,Restaurant,Jamnagar,Jamnagar
Lords Inn Jamnagar,4.0,Very Good,Nani Khavdi,23.7 km from city centre,3199,3199,0.0,Jacuzzi,Jamnagar,Jamnagar
Hotel Highway Hari,3.9,Very Good,Ravalsar,7.9 km drive to Jamnagar Airport (JGA),1972,2500,21.1,Restaurant,Jamnagar,Jamnagar
Hotel Hirisa - a unit of Hotel Fortune Palace,4.0,Very Good,Mayur Nagar,2.4 km drive to Lakhota Lake,3491,4000,12.7,Restaurant,Jamnagar,Jamnagar
7 Seasons Resort & Spa,3.9,Very Good,Ravalsar,7.7 km drive to Jamnagar Airport (JGA),4901,5540,11.5,Jacuzzi,Jamnagar,Jamnagar
Hotel Kirti,3.9,Very Good,Kadiawad,9 minutes walk to Lakhota Lake,1477,1650,10.5,24-hour Room Service,Jamnagar,Jamnagar
HOTEL PRINCE RESIDENCY,3.9,Very Good,Summair Club Road,3 minutes walk to Lakhota Lake,1588,2000,20.6,Restaurant,Jamnagar,Jamnagar
Prince Residency Club House,4.2,Very Good,Park Colony,1.3 km drive to Lakhota Lake,1342,1500,10.5,24-hour Room Service,Jamnagar,Jamnagar
Raaj Svastik Inn,4.0,Very Good,Sapar,22.4 km from city centre,2121,2895,26.7,Restaurant,Jamnagar,Jamnagar
Nanda Comfort In,3.8,Very Good,Indradeep Society,1.9 km drive to Lakhota Lake,2191,2500,12.4,Restaurant,Jamnagar,Jamnagar
Click Hotel Tulsi,3.9,Very Good,Nani Khavdi,23.6 km from city centre,2200,3666,40.0,Spa,Jamnagar,Jamnagar
The Garden Ananta Elite,3.6,Very Good,In Rajkot,80.0 km from Jamnagar city centre,4477,7000,36.0,Swimming Pool,Jamnagar,Jamnagar
Hotel Chetna,3.7,Very Good,Kadiawad,10 minutes walk to Lakhota Lake,1311,1650,20.5,24-hour Room Service,Jamnagar,Jamnagar
Hotel President,3.7,Very Good,Nava Nagar,8 minutes walk to Lakhota Lake,2500,2500,0.0,Restaurant,Jamnagar,Jamnagar
Sapphero Akshar Inn Jamnagar,3.4,Good,Kamdar Colony,2.0 km drive to Lakhota Lake,1807,2599,30.5,Restaurant,Jamnagar,Jamnagar
Kings Kraft The Park Executive Jamnagar,4.5,Excellent,Jamnagar,20.9 km from city centre,2995,3500,14.4,Swimming Pool,Jamnagar,Jamnagar
Hotel Rajdhani,3.7,Very Good,Kadiawad,1.3 km drive to Lakhota Lake,853,1000,14.7,24-hour Room Service,Jamnagar,Jamnagar
Hotel Express Residency,3.7,Very Good,Sapar,22.0 km from city centre,3293,3758,12.4,Jacuzzi,Jamnagar,Jamnagar
Hotel Regency International,4.3,Excellent,Jamnagar,20.9 km from city centre,1856,2150,13.7,Restaurant,Jamnagar,Jamnagar
Hotel Punit,3.9,Very Good,Kadiawad,10 minutes walk to Lakhota Lake,1502,1900,20.9,24-hour Room Service,Jamnagar,Jamnagar
HOTEL PARADISE,2.6,Average,Kadiawad,9 minutes walk to Lakhota Lake,965,1200,19.6,Restaurant,Jamnagar,Jamnagar
HOTEL GOKUL Project by Samruddhi Enterprise,3.5,Very Good,Sapar,21.7 km from city centre,1324,1761,24.8,Restaurant,Jamnagar,Jamnagar
Hotel Millennium Plaza,2.5,Average,Nani Khavdi,24.3 km from city centre,1880,2200,14.5,Swimming Pool,Jamnagar,Jamnagar
Pooja Hotel and Guest House,3.5,Very Good,Kamdar Colony,2.0 km drive to Lakhota Lake,1582,1800,12.1,Restaurant,Jamnagar,Jamnagar
Hotel Jay Kishan,3.5,Very Good,Nani Khavdi,24.0 km from city centre,1055,1200,12.1,24-hour Room Service,Jamnagar,Jamnagar
Hotel Tulsi Residency,3.1,Good,Bed,21.1 km from city centre,1406,1600,12.1,24-hour Room Service,Jamnagar,Jamnagar
Hotel Parth,3.3,Good,Nani Khavdi,24.9 km from city centre,1923,2250,14.5,Lounge,Jamnagar,Jamnagar
Hotel Trimurti,3.1,Good,Kadiawad,10 minutes walk to Lakhota Lake,2045,2750,25.6,24-hour Room Service,Jamnagar,Jamnagar
Hotel Kailash,2.8,Average,Digvijay Plot,About a minute walk to Lakhota Lake,1266,1500,15.6,Restaurant,Jamnagar,Jamnagar
Raj Guest House,3.5,Very Good,Government Colony,About a minute walk to Lakhota Lake,4515,5000,9.7,Lounge,Jamnagar,Jamnagar
Chandramauli Guest House,3.5,Very Good,Summair Club Road,3 minutes walk to Lakhota Lake,5330,6000,11.2,Swimming Pool,Jamnagar,Jamnagar
THE GORBANDH PALACE,3.9,Very Good,"Piraman, Ankleshwar",,2406,4500,46.5,Gym,Bharuch,Bharuch
Ginger Bharuch,3.8,Very Good,"Moficer Jin Compound, Bharuch",7 minutes walk to Bharuch Junction Railway Station,2924,2924,0.0,Gym,Bharuch,Bharuch
VITS Select Bharuch,3.5,Very Good,"Bholav, Bharuch",960 m drive to Bharuch Junction Railway Station,1694,2483,31.8,Restaurant,Bharuch,Bharuch
Hotel Silver Leaf Ankleshwar,4.1,Very Good,"Piraman, Ankleshwar",,2671,3450,22.6,24-hour Room Service,Bharuch,Bharuch
Lords Eco Inn Dahej,3.4,Good,"Dahej Chokadi, Dahej",,2250,2500,10.0,Gym,Bharuch,Bharuch
Hotel Comfort,3.7,Very Good,"Bholav, Bharuch",,1878,2150,12.7,Gym,Bharuch,Bharuch
HOTEL SHA INN,3.5,Very Good,"Piraman, Ankleshwar",,1276,3000,57.5,24-hour Room Service,Bharuch,Bharuch
Biznotel by Pride,3.2,Good,"Vadadla, Bharuch",,2185,2875,24.0,Swimming Pool,Bharuch,Bharuch
Hotel Shalimar,3.3,Good,"Old Town, Bharuch",7 minutes walk to Bharuch Junction Railway Station,1652,3200,48.4,Restaurant,Bharuch,Bharuch
Bed & Bread Dormitory,3.6,Very Good,"Moficer Jin Compound, Bharuch",7 minutes walk to Bharuch Junction Railway Station,765,1000,23.5,Air Conditioning,Bharuch,Bharuch
Fortune Park Dahej - Member ITC Hotels' Group,4.1,Very Good,"Dahej Chokadi, Dahej",,4725,4725,0.0,Gym,Bharuch,Bharuch
Super Townhouse Oak Bharuch Near Railway Station,3.9,Very Good,"Old Town, Bharuch",8 minutes walk to Bharuch Junction Railway Station,1721,3171,45.7,24-hour Room Service,Bharuch,Bharuch
Hotel Landmark,3.4,Good,"Jolva, Dahej",,1485,1700,12.6,Restaurant,Bharuch,Bharuch
Antarim Express,3.7,Very Good,"Vadadla, Bharuch",,1782,3000,40.6,Restaurant,Bharuch,Bharuch
Hotel Princess,3.8,Very Good,"Piraman, Ankleshwar",,1506,3099,51.4,Jacuzzi,Bharuch,Bharuch
VITS Shalimar Ankleshwar,3.8,Very Good,"Piraman, Ankleshwar",,2777,2777,0.0,Spa,Bharuch,Bharuch
Rang Lords Inn Bharuch,4.2,Very Good,"Bholav, Bharuch",,2999,2999,0.0,Restaurant,Bharuch,Bharuch
Hotel EL Magnifico,3.6,Very Good,"IPCL Main Rd, Dahej",,1161,1500,22.6,Restaurant,Bharuch,Bharuch
Regenta Central Harimangala Bharuch by Royal Orchid Hotels Limited,4.1,Very Good,"Bholav, Bharuch",,5154,5700,9.6,Spa,Bharuch,Bharuch
Regenta Central Hestia,4.1,Very Good,"Dahej, Dahej",,3617,4000,9.6,Spa,Bharuch,Bharuch
Hyatt Place Bharuch,4.6,Excellent,"Bholav, Bharuch",,7700,7700,0.0,Spa,Bharuch,Bharuch
The Flamboyant Natraj,2.9,Average,"Moficer Jin Compound, Bharuch",5 minutes walk to Bharuch Junction Railway Station,2285,4100,44.3,Restaurant,Bharuch,Bharuch
Hotel The Eastern,4.3,Excellent,"Piraman, Ankleshwar",,1734,2800,38.1,Restaurant,Bharuch,Bharuch
Hotel Paradise,4.3,Excellent,"Piraman, Ankleshwar",,1685,2100,19.8,Gym,Bharuch,Bharuch
Lords Plaza Ankleshwar,4.0,Very Good,"Piraman, Ankleshwar",,4800,4800,0.0,Gym,Bharuch,Bharuch
Mastiff Hotel Ankleshwar,4.3,Excellent,"Piraman, Ankleshwar",,3642,5450,33.2,Gym,Bharuch,Bharuch
LUXY HOTEL,4.2,Very Good,"Dahej Chokadi, Dahej",,2764,3400,18.7,Spa,Bharuch,Bharuch
Hotel Monarch Excelency,3.7,Very Good,"Piraman, Ankleshwar",,1024,1125,9.0,24-hour Room Service,Bharuch,Bharuch
Hotel Sadanand,4.2,Very Good,"Hifazat Nagar, Ankleshwar",,2697,3088,12.7,Restaurant,Bharuch,Bharuch
Hotel Mayura,2.8,Average,"Piraman, Ankleshwar",,834,1450,42.5,24-hour Room Service,Bharuch,Bharuch
HOTEL TIRTH,3.7,Very Good,"Piraman, Ankleshwar",,1115,1250,10.8,Lounge,Bharuch,Bharuch
Click Hotel Royal Pearl,4.0,Very Good,"Dahej, Dahej",,2691,3450,22.0,Restaurant,Bharuch,Bharuch
The Radiant Swan,3.7,Very Good,"Jolva, Dahej",,3407,3900,12.6,Swimming Pool,Bharuch,Bharuch
Hotel Shital,3.8,Very Good,"Bharuch, Bharuch",,1882,2200,14.5,Restaurant,Bharuch,Bharuch
SAVANIKA GUEST HOUSE,2.7,Average,"Moficer Jin Compound, Bharuch",7 minutes walk to Bharuch Junction Railway Station,892,1000,10.8,Kitchenette,Bharuch,Bharuch
Hotel Relax Inn,4.5,Excellent,"Piraman, Ankleshwar",,2112,2599,18.7,Restaurant,Bharuch,Bharuch
The Grand Shivkrupa Hotel,2.7,Average,"Luwara, Bharuch",,1759,2000,12.0,Restaurant,Bharuch,Bharuch
THE HORIZON HOTEL,3.9,Very Good,"Piraman, Ankleshwar",,1445,2150,32.8,Restaurant,Bharuch,Bharuch
Hotel Classic,3.5,Very Good,"Old Town, Bharuch",7 minutes walk to Bharuch Junction Railway Station,1137,1275,10.8,Lounge,Bharuch,Bharuch
Hotel Balram,2.9,Average,"Dahej, Dahej",,980,1099,10.8,24-hour Room Service,Bharuch,Bharuch
Hotel Asopalav,2.1,Average,"Ankleshwar, Ankleshwar",,4488,5000,10.2,24-hour Room Service,Bharuch,Bharuch
Maha Shiv Hotel,2.0,Average,"Piraman, Ankleshwar",,891,999,10.8,Lounge,Bharuch,Bharuch
Hotel Signature,3.5,Very Good,"Ankleshwar, Ankleshwar",,1337,1499,10.8,24-hour Room Service,Bharuch,Bharuch
Hotel Studio 60,3.5,Very Good,"Ankleshwar, Ankleshwar",,1605,1800,10.8,24-hour Room Service,Bharuch,Bharuch
Uday Palace Navsari,4.3,Excellent,Navsari,,6000,6000,0.0,Swimming Pool,Navsari,Navsari
Lords Eco Inn Navsari,4.1,Very Good,Kabilpore,,2800,2800,0.0,Restaurant,Navsari,Navsari
Hotel Runway,4.1,Very Good,Navsari,,1428,2000,28.6,Restaurant,Navsari,Navsari
Hotel Fun City,3.8,Very Good,Tighra,,3595,5550,35.2,Restaurant,Navsari,Navsari
GD Hotel,3.7,Very Good,Kabilpore,,4289,7800,45.0,Restaurant,Navsari,Navsari
Jay Shankar Hotel,3.5,Very Good,Alif Nagar,,1139,1600,28.8,Yoga,Navsari,Navsari
Hotel supreme,3.5,Very Good,GIDC Kabilpore,,2481,2800,11.4,Restaurant,Navsari,Navsari
Sagar Ratna Beach Resort,3.8,Very Good,Dipla,Special discount of â‚¹1951 applied. Valid for first 5 bookings of this property,5409,8000,32.4,Private Kitchen,Navsari,Navsari
Hotel Shahi Darbar,4.1,Very Good,Panch Hatdi,4.3 km drive to Porbandar Airport (PBD),1784,2000,10.8,Restaurant,Navsari,Navsari
Hare Krishna Hotel,4.0,Very Good,Vijalpore,,1740,2200,20.9,Restaurant,Navsari,Navsari
CASSA MARINA BEACH RESORT,4.3,Excellent,Dipla,,5389,6000,10.2,Swimming Pool,Navsari,Navsari
Hotel Prime Navsari,4.0,Very Good,Udyog Nagar,About a minute walk to Navsari Railway Station,6287,7000,10.2,Butler Services,Navsari,Navsari
Hotel Gupta,3.5,Very Good,Kabilpore,,5389,6000,10.2,Restaurant,Navsari,Navsari
Prakrutika Villa,4.0,Very Good,Navsari,Special discount of â‚¹2875 applied. Valid for first 5 bookings of this property,7905,14000,43.5,Shared Swimming Pool,Navsari,Navsari
Ambica Valley Resort,3.5,Very Good,Kabilpore,,27194,30000,9.4,Swimming Pool,Navsari,Navsari
A.K. Farmhouse,3.5,Very Good,Navsari,Special discount of â‚¹2569 applied. Valid for first 5 bookings of this property,9431,12000,21.4,Air Conditioning,Navsari,Navsari
YOLOFarms 247,3.5,Very Good,Navsari,,13958,20000,30.2,Private Swimming Pool,Navsari,Navsari
YOLOFarms 747,3.5,Very Good,Navsari,Special discount of â‚¹12886 applied. Valid for first 5 bookings of this property,22114,35000,36.8,Private Swimming Pool,Navsari,Navsari
Hotel Summit,3.0,Good,Udhna Zone,21.4 km from Navsari,1606,1800,10.8,Restaurant,Navsari,Navsari
Sanskruti GREENLAND RESORT,3.6,Very Good,Baleshwar,20.7 km from Navsari,4850,6000,19.2,Restaurant,Navsari,Navsari
DWARKADHISH HOTEL PALSANA,3.5,Very Good,Palsana,16.4 km from Navsari,2215,2500,11.4,24-hour Room Service,Navsari,Navsari
Collection O The Valentine Hotel,2.7,Average,Karadva Gam,24.4 km from Navsari,1545,2852,45.8,Lounge,Navsari,Navsari
Mandhas Club and Resort,2.5,Average,Baleshwar,21.2 km from Navsari,1784,2000,10.8,24-hour Room Service,Navsari,Navsari
Hotel The Grand Darshan,4.0,Very Good,Gandevi,15.6 km from Navsari,1622,2050,20.9,24-hour Room Service,Navsari,Navsari
La Casa Club & Resort,3.6,Very Good,Palsana,19.1 km from Navsari,4939,5499,10.2,Jacuzzi,Navsari,Navsari
FabHotel The Valentine - Udhna Road,2.4,Average,Karadva Gam,24.4 km from Navsari,1382,3304,58.2,Restaurant,Navsari,Navsari
Escape house,3.0,Good,Baleshwar,20.7 km from Navsari,7133,8000,10.8,Gym,Navsari,Navsari
Hotel Sahyog Baleshwar,4.8,Excellent,Baleshwar,20.3 km from Navsari,1187,1500,20.9,Restaurant,Navsari,Navsari
Hotel Aavkar,4.0,Very Good,Palsana,16.8 km from Navsari,714,800,10.8,Kitchenette,Navsari,Navsari
Hotel Supreme and Guest House,3.9,Very Good,Kayalan Nagar,22.8 km from Navsari,2435,3100,21.5,Restaurant,Navsari,Navsari
HOTEL RELIEF,3.5,Very Good,Gandevi,19.6 km from Navsari,2658,3000,11.4,24-hour Room Service,Navsari,Navsari
Silver Stone Bunglows,4.2,Very Good,Baleshwar,21.8 km from Navsari,3495,5500,36.5,Shared Swimming Pool,Navsari,Navsari
HOTEL SARVOTTAM,4.1,Very Good,Palsana,16.6 km from Navsari,1329,1489,10.7,24-hour Room Service,Navsari,Navsari
Super Hotel O Dindoli Surat,3.9,Very Good,Karadva Gam,23.6 km from Navsari,1141,2102,45.7,24-hour Room Service,Navsari,Navsari
Hotel Saffron,3.3,Good,"Chikhli, Gujarat",22.4 km from Navsari,1522,2400,36.6,24-hour Room Service,Navsari,Navsari
KAVYA RESTRO,3.7,Very Good,Palsana,24.2 km from Navsari,1869,3000,37.7,24-hour Room Service,Navsari,Navsari
YOLOFarms 111,3.5,Very Good,Palsana,15.1 km from Navsari,13354,18000,25.8,Private Swimming Pool,Navsari,Navsari
YOLOFarms 888,3.5,Very Good,"Chikhli, Gujarat",24.6 km from Navsari,9592,15000,36.1,Private Swimming Pool,Navsari,Navsari
Hotel Shree Shiv Shakti,2.7,Average,Baleshwar,20.7 km from Navsari,1561,1750,10.8,24-hour Room Service,Navsari,Navsari
Hotel Sahyog,4.0,Very Good,"Chikhli, Gujarat",25.0 km from Navsari,1424,1800,20.9,24-hour Room Service,Navsari,Navsari
Dream Inn By Nexottel,4.4,Excellent,C.U.Shah Government Politechnic,,2648,3600,26.4,Gym,Surendranagar,Surendranagar
Pelican Hotel,3.8,Very Good,Ambedkarnagar,,2315,2650,12.6,24-hour Room Service,Surendranagar,Surendranagar
HOTEL SATURN RESIDENCY,3.6,Very Good,Vadhavan,,1029,1500,31.4,24-hour Room Service,Surendranagar,Surendranagar
Hotel Royal Palace,3.7,Very Good,Vadhavan,9 minutes walk to Surendranagar Gate Railway Station,1721,2500,31.2,24-hour Room Service,Surendranagar,Surendranagar
Hotel Sunrise,3.4,Good,Vadhavan,,1967,2300,14.5,Restaurant,Surendranagar,Surendranagar
Hotel Shiv International (100 kms from Ahmedabad),2.7,Average,Ambedkarnagar,,1925,2250,14.4,Restaurant,Surendranagar,Surendranagar
HOTEL SKY INN,3.5,Very Good,Ram Nagar,,2019,2300,12.2,Caretaker,Surendranagar,Surendranagar
Hotel The Blossom,4.0,Very Good,"GIDC, Vapi",,1747,2400,27.2,Restaurant,Valsad,Valsad
Hotel Shree Daan,4.2,Very Good,"Imran Nagar, Vapi",,1644,3000,45.2,Jacuzzi,Valsad,Valsad
Ginger Hotel Vapi,3.7,Very Good,"Salvav, Vapi",,1959,1959,0.0,Restaurant,Valsad,Valsad
Hotel Apple Inn,4.0,Very Good,"GIDC, Vapi",,2338,4719,50.5,24-hour Room Service,Valsad,Valsad
Hotel Horizon,4.1,Very Good,"GIDC, Vapi",,1055,1800,41.4,24-hour Room Service,Valsad,Valsad
Hotel Silver Leaf,3.8,Very Good,"GIDC, Vapi",,2538,3600,29.5,Restaurant,Valsad,Valsad
Hotel Grandeur,4.1,Very Good,"Kapadia Chal, Valsad",720 m drive to Valsad Railway Station,1972,2500,21.1,Restaurant,Valsad,Valsad
Fortune Park Galaxy,4.2,Very Good,"GIDC, Vapi",,4549,4549,0.0,Gym,Valsad,Valsad
Kekuz Kool Korner,4.8,Excellent,"Umargam, Umargam",,1695,2100,19.3,Bonfire,Valsad,Valsad
Hotel Orange,4.1,Very Good,"GIDC, Vapi",,1316,2950,55.4,24-hour Room Service,Valsad,Valsad
Regenta Central Harsha Vapi,3.9,Very Good,"Vapi, Vapi",,2350,2599,9.6,Spa,Valsad,Valsad
Hotel Apex Inn,4.2,Very Good,"GIDC, Vapi",,1502,3100,51.5,24-hour Room Service,Valsad,Valsad
Hotel Easy Retreat,4.1,Very Good,"GIDC, Vapi",,1619,2100,22.9,Restaurant,Valsad,Valsad
Laxmi Guest House,2.8,Average,"GIDC, Vapi",,592,650,8.9,Caretaker,Valsad,Valsad
Budget Inn Palm Regency,3.9,Very Good,"GIDC, Vapi",,2754,3125,11.9,Restaurant,Valsad,Valsad
The Woods,4.2,Very Good,"Valsad, Valsad",,3556,4071,12.7,Jacuzzi,Valsad,Valsad
Regal Banquets & Rooms,3.9,Very Good,"Binanagar, Valsad",,2271,2600,12.7,Lounge,Valsad,Valsad
HOTEL FURATINN,4.2,Very Good,"GIDC, Vapi",,1863,3450,46.0,Restaurant,Valsad,Valsad
Hotel Dwarkesh Inn.,3.3,Good,"GIDC, Vapi",,712,900,20.9,Restaurant,Valsad,Valsad
Hotel Royale Inn,3.4,Good,"GIDC, Vapi",,1118,1399,20.1,Restaurant,Valsad,Valsad
Hotel Mansi,3.2,Good,"Geeta Nagar, Vapi",3 minutes walk to Vapi Railway Station,1070,1200,10.8,Spa,Valsad,Valsad
Hotel Khushboo,2.6,Average,"Geeta Nagar, Vapi",,688,771,10.8,24-hour Room Service,Valsad,Valsad
Hotel Supreme,3.9,Very Good,"Imran Nagar, Vapi",,1078,1300,17.1,24-hour Room Service,Valsad,Valsad
Orizon Dharampur,2.9,Average,"Dharampur, Dharampur",,1676,2150,22.0,Restaurant,Valsad,Valsad
Hotel Sarvoday,3.1,Good,"GIDC, Vapi",,1694,1900,10.8,Restaurant,Valsad,Valsad
Hotel Woodlands,3.5,Very Good,"Gunjan, Vapi",,2310,3900,40.8,Restaurant,Valsad,Valsad
Hotel Anand inn,3.3,Good,"Imran Nagar, Vapi",,4775,6000,20.4,Restaurant,Valsad,Valsad
Hotel Empire,3.4,Good,"Valsad, Valsad",,1848,2700,31.6,24-hour Room Service,Valsad,Valsad
Hotel JDS,3.7,Very Good,"Geeta Nagar, Vapi",3 minutes walk to Vapi Railway Station,1704,2799,39.1,24-hour Room Service,Valsad,Valsad
Hotel royal park,3.5,Very Good,"Imran Nagar, Vapi",,1881,2199,14.5,24-hour Room Service,Valsad,Valsad
Hotel Adina Palace,3.6,Very Good,"Kapadia Chal, Valsad",480 m drive to Valsad Railway Station,1344,1700,20.9,Restaurant,Valsad,Valsad
WHITE FEATHER RESORT-KAUNCHA,4.1,Very Good,"Jamalpada, Kaprada",,4807,6300,23.7,Spa,Valsad,Valsad
HOTEL VISHRAM & GUEST HOUSE,4.2,Very Good,"Vapi, Vapi",,1588,2100,24.4,24-hour Room Service,Valsad,Valsad
HOTEL JANTA INN,4.0,Very Good,"Imran Nagar, Vapi",,925,1300,28.8,24-hour Room Service,Valsad,Valsad
Palm Beach Resort,3.1,Good,"Valsad, Valsad",,3057,3500,12.7,Restaurant,Valsad,Valsad
Hotel Navjivan,4.0,Very Good,"GIDC Umbergaon, Umargam",,1694,1900,10.8,Restaurant,Valsad,Valsad
Hotel Golden,2.9,Average,"Geeta Nagar, Vapi",,803,900,10.8,24-hour Room Service,Valsad,Valsad
Hotel O Zion Inn,3.2,Good,"GIDC, Vapi",,1592,2959,46.2,24-hour Room Service,Valsad,Valsad
Hotel Viram & Guest House,3.9,Very Good,"Vapi, Vapi",,1610,2100,23.3,24-hour Room Service,Valsad,Valsad
HOTEL SKYLARK,3.0,Good,"Imran Nagar, Vapi",,1089,1700,35.9,24-hour Room Service,Valsad,Valsad
Hotel Grand Haveli,4.9,Excellent,"Umargam, Umargam",,2358,2699,12.6,Restaurant,Valsad,Valsad
Hotel Iris,4.0,Very Good,"Garden Rd, Dharampur",,1693,1999,15.3,24-hour Room Service,Valsad,Valsad
Hotel Alfa Inn,4.3,Excellent,"GIDC, Vapi",,1966,3600,45.4,Restaurant,Valsad,Valsad
Hotel Hare Krishna Valsad,3.4,Good,"Valsad, Valsad",,2446,2800,12.6,24-hour Room Service,Valsad,Valsad
Hotel Apical,3.7,Very Good,"Vapi, Vapi",,2244,2899,22.6,Restaurant,Valsad,Valsad
Hotel Prime,4.2,Very Good,"GIDC, Vapi",,3391,6000,43.5,Restaurant,Valsad,Valsad
Hotel Parqotel,4.3,Excellent,"Salvav, Vapi",,3319,3800,12.7,Restaurant,Valsad,Valsad
Hotel Jay International,3.4,Good,"Imran Nagar, Vapi",,1025,1350,24.1,Restaurant,Valsad,Valsad
Hotel Rahil International,3.2,Good,"GIDC, Vapi",,854,1200,28.8,24-hour Room Service,Valsad,Valsad
HOTEL RAMDEV ROOMS,3.5,Very Good,"Vapi, Vapi",,1759,2000,12.0,Restaurant,Valsad,Valsad
Hotel Shreenath,3.5,Very Good,"Vapi, Vapi",,8905,10000,11.0,Restaurant,Valsad,Valsad
Hotel Legend Inn,3.3,Good,"Sarigam, Umargam",,1771,2070,14.4,Restaurant,Valsad,Valsad
Hotel Krishna,3.5,Very Good,"Vapi, Vapi",,1364,1699,19.7,24-hour Room Service,Valsad,Valsad
Hotel Shreenath & Guest house,3.5,Very Good,"Vapi, Vapi",,1338,1500,10.8,Restaurant,Valsad,Valsad
HONEST GUEST HOUSE,3.5,Very Good,"Chala, Vapi",,1159,1300,10.8,Air Conditioning,Valsad,Valsad
Nirant Querencia club,3.5,Very Good,"Paria, Vapi",,5386,6000,10.2,Swimming Pool,Valsad,Valsad
shree Hari Raj guest house,3.5,Very Good,"Chanod Colony, Vapi",,1338,1500,10.8,Luggage Storage,Valsad,Valsad
Pravesh,3.5,Very Good,"Geeta Nagar, Vapi",,6283,7000,10.2,Living Room,Valsad,Valsad
Kuber Hotel,3.5,Very Good,"Parnera, Valsad",,1337,1850,27.7,24-hour Room Service,Valsad,Valsad
Raj Resort And Banquet Hall,3.5,Very Good,"Dadra, Dadra",20.5 km from Valsad District,2282,3899,41.5,Swimming Pool,Valsad,Valsad
Hotel Satya Inn Dadra,4.0,Very Good,"Dadra, Dadra",22.6 km from Valsad District,1423,1800,20.9,24-hour Room Service,Valsad,Valsad
HOTEL RED CHILLEE,4.5,Excellent,"Park City, Silvassa",23.1 km from Valsad District,2422,4500,46.2,Restaurant,Valsad,Valsad
Hotel Vanvihar ( Dudhni) 37 kms from Silvassa,3.3,Good,"Park City, Silvassa",23.3 km from Valsad District,2380,2700,11.9,Restaurant,Valsad,Valsad
Hotel Soubhagya Inn,2.6,Average,"Silvassa, Silvassa",23.4 km from Valsad District,1952,2250,13.2,Restaurant,Valsad,Valsad
Hotel Residency Silvassa,2.7,Average,"Silvassa, Silvassa",23.4 km from Valsad District,1560,1749,10.8,Restaurant,Valsad,Valsad
Hotel Roshni,2.7,Average,"Samarvarni, Silvassa",23.6 km from Valsad District,1742,2200,20.8,Restaurant,Valsad,Valsad
Dadra Adventure Resort,2.8,Average,"Silvassa - Vapi Road, Dadra",23.6 km from Valsad District,2690,4000,32.8,Swimming Pool,Valsad,Valsad
Hotel Excellency,3.3,Good,"Silvassa - Vapi Road, Dadra",23.7 km from Valsad District,2200,2200,0.0,Restaurant,Valsad,Valsad
Praveg Rezort Silvassa,4.4,Excellent,"Silvassa, Silvassa",23.7 km from Valsad District,3924,6499,39.6,Restaurant,Valsad,Valsad
Jalaram Guest House,3.5,Very Good,"Chanod Colony, Dadra",23.7 km from Valsad District,4488,5000,10.2,Paid Parking,Valsad,Valsad
Hotel Vishwanath,3.1,Good,"Naroli Road, Silvassa",24.1 km from Valsad District,1249,1400,10.8,Restaurant,Valsad,Valsad
Hotel Natraj,3.2,Good,"Naroli Road, Silvassa",24.1 km from Valsad District,3319,4000,17.0,24-hour Room Service,Valsad,Valsad
Hotel Woodlands Inn,3.2,Good,"Sayli Road, Silvassa",24.2 km from Valsad District,1967,2300,14.5,Restaurant,Valsad,Valsad
Hotel Green Wood,3.6,Very Good,"Naroli Road, Silvassa",24.2 km from Valsad District,1759,2000,12.0,Restaurant,Valsad,Valsad
Hotel King resort,3.2,Good,"Silvassa, Silvassa",24.3 km from Valsad District,1604,1999,19.8,Restaurant,Valsad,Valsad
Hotel Vardhan,3.1,Good,"Naroli Road, Silvassa",24.3 km from Valsad District,1281,1800,28.8,Restaurant,Valsad,Valsad
Hotel The Seven,3.0,Good,"Naroli Road, Silvassa",24.4 km from Valsad District,3169,7249,56.3,Gym,Valsad,Valsad
Yatri Niwas,3.8,Very Good,"Naroli Road, Silvassa",24.8 km from Valsad District,2786,3999,30.3,Restaurant,Valsad,Valsad
Hotel Suraj,3.5,Very Good,"Naroli Road, Silvassa",24.8 km from Valsad District,1753,2499,29.9,24-hour Room Service,Valsad,Valsad
Ras Resorts by Treat,3.9,Very Good,"Naroli Road, Silvassa",25.2 km from Valsad District,7211,12199,40.9,Swimming Pool,Valsad,Valsad
